culture,technique
Orge de printemps,Mulchage
Orge de printemps,Désherbage manuel
Piment vert,Utilisation de cultures couvre-sol
Piment vert,Fertilisation foliaire
Safran,Culture en serre
Safran,Semis direct
Safran,Inoculation bactérienne
Fèves,Mulchage
Fèves,Désherbage manuel
Fèves,Application de biopesticides
Soja,Inoculation bactérienne
Soja,Mulchage
Grenadier,Mulchage
Grenadier,Désherbage manuel
Papyrus,Technique D'engrais vert
Papyrus,Utilisation de variétés résistantes
Kiwi,Fertilisation foliaire
Kiwi,Contrôle biologique des nuisibles
Kiwi,Éclaircissage des plants
Laitue,Semis direct
Laitue,Fertilisation au compost
Artichaut,Éclaircissage
Artichaut,Culture en serre
Artichaut,Rotation des cultures
Ananas,Fertilisation foliaire
Ananas,Fertilisation au compost
Ananas,Semis direct
Canne à sucre,Semis direct
Canne à sucre,Contrôle biologique des nuisibles
Canne à sucre,Rotation des cultures
Canneberge,Contrôle biologique des nuisibles
Canneberge,Irrigation goutte à goutte
Canneberge,Fertilisation foliaire
Poirier,Technique D'engrais vert
Poirier,Semis direct
Poirier,Application de biopesticides
Arbre à pain,Application de biopesticides
Arbre à pain,Technique D'engrais vert
Arbre à pain,Paillage
Champignon shiitake,Semis direct
Champignon shiitake,Contrôle biologique des nuisibles
Litchi,Désherbage manuel
Litchi,Application de compost
Litchi,Éclaircissage
Baobab,Traitement des semences
Baobab,Inoculation bactérienne
Quinoa,Utilisation de variétés résistantes
Quinoa,Culture en serre
Quinoa,Culture en serre
Rhubarbe,Culture en serre
Rhubarbe,Application de compost
Quinoa,Éclaircissage
Quinoa,Enrichissement en mycorhizes
Quinoa,Enrichissement en mycorhizes
Camomille,Application de biopesticides
Camomille,Fertilisation au compost
Camomille,Paillage
Blé tendre,Éclaircissage
Blé tendre,Technique D'engrais vert
Abricotier,Application de biopesticides
Abricotier,Inoculation bactérienne
Abricotier,Irrigation goutte à goutte
Nectarine,Fertilisation foliaire
Nectarine,Éclaircissage
Blé dur,Éclaircissage
Blé dur,Technique D'engrais vert
Poirier,Désherbage manuel
Poirier,Irrigation goutte à goutte
Blé tendre,Rotation des cultures
Blé tendre,Enrichissement en mycorhizes
Blé tendre,Éclaircissage des plants
Basilic,Mulchage
Basilic,Éclaircissage des plants
Basilic,Culture en serre
Tournesol,Culture en serre
Tournesol,Semis direct
Tournesol,Culture en serre
Seigle,Traitement des semences
Seigle,Traitement des semences
Seigle,Éclaircissage des plants
Chou rouge,Enrichissement en mycorhizes
Chou rouge,Rotation des cultures
Arachide,Rotation des cultures
Arachide,Semis direct
Théier,Semis direct
Théier,Utilisation de variétés résistantes
Coton,Traitement des semences
Coton,Application de compost
Coton,Contrôle biologique des nuisibles
Ciboulette,Désherbage manuel
Ciboulette,Irrigation goutte à goutte
Céleri,Inoculation bactérienne
Céleri,Culture en serre
Céleri,Traitement des semences
Manguier,Rotation des cultures
Manguier,Contrôle biologique des nuisibles
Manguier,Application de biopesticides
Noix de cajou,Paillage
Noix de cajou,Traitement des semences
Noix de cajou,Culture en serre
Poirier,Contrôle biologique des nuisibles
Poirier,Utilisation de cultures couvre-sol
Tomates,Inoculation bactérienne
Tomates,Irrigation goutte à goutte
Tomates,Fertilisation au compost
Cacao,Irrigation goutte à goutte
Cacao,Culture en serre
Cacao,Mulchage
Carottes,Inoculation bactérienne
Carottes,Fertilisation au compost
Romarin,Fertilisation au compost
Romarin,Technique D'engrais vert
Noix de cajou,Rotation des cultures
Noix de cajou,Fertilisation au compost
Noix de cajou,Utilisation de variétés résistantes
Thym,Paillage
Thym,Irrigation goutte à goutte
Thym,Désherbage manuel
Pistachier,Semis direct
Pistachier,Paillage
Pistachier,Fertilisation au compost
Lentilles,Utilisation de cultures couvre-sol
Lentilles,Désherbage manuel
Lentilles,Irrigation goutte à goutte
Maïs sucré,Technique D'engrais vert
Maïs sucré,Éclaircissage des plants
Soja,Culture en serre
Soja,Application de compost
Orge de printemps,Utilisation de variétés résistantes
Orge de printemps,Contrôle biologique des nuisibles
Vigne à raisin,Utilisation de variétés résistantes
Vigne à raisin,Rotation des cultures
Vigne à raisin,Traitement des semences
Millet,Désherbage manuel
Millet,Mulchage
Tomates,Culture en serre
Tomates,Paillage
Tomates,Contrôle biologique des nuisibles
Concombre,Fertilisation foliaire
Concombre,Utilisation de variétés résistantes
Concombre,Contrôle biologique des nuisibles
Menthe,Fertilisation au compost
Menthe,Application de biopesticides
Mizuna,Culture en serre
Mizuna,Enrichissement en mycorhizes
Mizuna,Application de biopesticides
Curcuma,Rotation des cultures
Curcuma,Irrigation goutte à goutte
Poivron rouge,Mulchage
Poivron rouge,Mulchage
Poivron rouge,Application de compost
Muscade,Fertilisation foliaire
Muscade,Inoculation bactérienne
Muscade,Application de biopesticides
Lupin,Fertilisation au compost
Lupin,Éclaircissage
Lupin,Traitement des semences
Muscade,Utilisation de variétés résistantes
Muscade,Éclaircissage
Tomates,Culture en serre
Tomates,Enrichissement en mycorhizes
Baies de goji,Inoculation bactérienne
Baies de goji,Application de biopesticides
Baies de goji,Désherbage manuel
Pommier,Fertilisation foliaire
Pommier,Utilisation de cultures couvre-sol
Lupin,Contrôle biologique des nuisibles
Lupin,Utilisation de variétés résistantes
Lupin,Éclaircissage
Coton,Fertilisation au compost
Coton,Désherbage manuel
Coton,Culture en serre
Avoine nue,Désherbage manuel
Avoine nue,Désherbage manuel
Avoine nue,Utilisation de variétés résistantes
Fraise,Utilisation de variétés résistantes
Fraise,Traitement des semences
Fraise,Semis direct
Banane plantain,Enrichissement en mycorhizes
Banane plantain,Désherbage manuel
Bette à carde,Fertilisation au compost
Bette à carde,Contrôle biologique des nuisibles
Bette à carde,Éclaircissage
Jujubier,Technique D'engrais vert
Jujubier,Désherbage manuel
Seigle,Paillage
Seigle,Utilisation de cultures couvre-sol
Chou-fleur,Inoculation bactérienne
Chou-fleur,Utilisation de variétés résistantes
Vanille,Inoculation bactérienne
Vanille,Paillage
Vanille,Contrôle biologique des nuisibles
Mizuna,Traitement des semences
Mizuna,Irrigation goutte à goutte
Mizuna,Paillage
Rhubarbe,Inoculation bactérienne
Rhubarbe,Irrigation goutte à goutte
Rhubarbe,Enrichissement en mycorhizes
Arachide,Inoculation bactérienne
Arachide,Utilisation de variétés résistantes
Millet,Fertilisation foliaire
Millet,Inoculation bactérienne
Millet,Irrigation goutte à goutte
Papaye,Éclaircissage
Papaye,Culture en serre
Luzerne,Contrôle biologique des nuisibles
Luzerne,Inoculation bactérienne
Arachide,Inoculation bactérienne
Arachide,Inoculation bactérienne
Arachide,Application de biopesticides
Soja,Mulchage
Soja,Éclaircissage
Soja,Traitement des semences
Bette à carde,Éclaircissage
Bette à carde,Enrichissement en mycorhizes
Cacao,Application de compost
Cacao,Rotation des cultures
Cacao,Application de compost
Champignon shiitake,Fertilisation foliaire
Champignon shiitake,Paillage
Champignon shiitake,Traitement des semences
Baobab,Éclaircissage
Baobab,Désherbage manuel
Gingembre,Enrichissement en mycorhizes
Gingembre,Enrichissement en mycorhizes
Lentilles,Paillage
Lentilles,Application de biopesticides
Lentilles,Traitement des semences
Blé tendre,Culture en serre
Blé tendre,Semis direct
Blé tendre,Éclaircissage des plants
Vanille,Mulchage
Vanille,Mulchage
Vanille,Contrôle biologique des nuisibles
Soja,Irrigation goutte à goutte
Soja,Enrichissement en mycorhizes
Soja,Éclaircissage
Vanille,Fertilisation foliaire
Vanille,Contrôle biologique des nuisibles
Vanille,Technique D'engrais vert
Litchi,Semis direct
Litchi,Fertilisation au compost
Muscade,Traitement des semences
Muscade,Semis direct
Muscade,Fertilisation foliaire
Colza oléagineux,Application de biopesticides
Colza oléagineux,Désherbage manuel
Poirier,Contrôle biologique des nuisibles
Poirier,Fertilisation foliaire
Poirier,Application de biopesticides
Acacia,Application de compost
Acacia,Technique D'engrais vert
Framboise,Mulchage
Framboise,Inoculation bactérienne
Framboise,Éclaircissage
Amandier,Fertilisation foliaire
Amandier,Irrigation goutte à goutte
Noix de cajou,Culture en serre
Noix de cajou,Irrigation goutte à goutte
Origan,Application de compost
Origan,Utilisation de cultures couvre-sol
Ananas,Éclaircissage
Ananas,Utilisation de variétés résistantes
Ananas,Application de compost
Olives,Rotation des cultures
Olives,Application de biopesticides
Olives,Mulchage
Amandier,Désherbage manuel
Amandier,Désherbage manuel
Noyer,Paillage
Noyer,Technique D'engrais vert
Noyer,Culture en serre
Carottes,Paillage
Carottes,Fertilisation foliaire
Gingembre,Éclaircissage
Gingembre,Désherbage manuel
Gingembre,Technique D'engrais vert
Artichaut,Désherbage manuel
Artichaut,Semis direct
Artichaut,Utilisation de cultures couvre-sol
Romarin,Traitement des semences
Romarin,Contrôle biologique des nuisibles
Romarin,Éclaircissage des plants
Quinoa,Semis direct
Quinoa,Désherbage manuel
Quinoa,Semis direct
Pistachier,Fertilisation foliaire
Pistachier,Application de biopesticides
Pistachier,Irrigation goutte à goutte
Thym,Éclaircissage
Thym,Désherbage manuel
Thym,Traitement des semences
Pêcher,Semis direct
Pêcher,Inoculation bactérienne
Pêcher,Irrigation goutte à goutte
Chou frisé,Fertilisation foliaire
Chou frisé,Application de compost
Chou frisé,Contrôle biologique des nuisibles
Maïs sucré,Technique D'engrais vert
Maïs sucré,Désherbage manuel
Bambou,Contrôle biologique des nuisibles
Bambou,Fertilisation au compost
Bambou,Culture en serre
Ciboulette,Culture en serre
Ciboulette,Technique D'engrais vert
Tamarin,Culture en serre
Tamarin,Mulchage
Tamarin,Fertilisation foliaire
Melon d'eau,Application de biopesticides
Melon d'eau,Technique D'engrais vert
Melon d'eau,Application de biopesticides
Safran,Traitement des semences
Safran,Inoculation bactérienne
Safran,Application de biopesticides
Manguier,Contrôle biologique des nuisibles
Manguier,Éclaircissage des plants
Laitue,Désherbage manuel
Laitue,Technique D'engrais vert
Laitue,Utilisation de variétés résistantes
Nectarine,Rotation des cultures
Nectarine,Fertilisation foliaire
Bambou,Éclaircissage
Bambou,Enrichissement en mycorhizes
Bambou,Application de biopesticides
Arachide,Rotation des cultures
Arachide,Désherbage manuel
Arachide,Culture en serre
Persil,Application de compost
Persil,Application de biopesticides
Fèves,Irrigation goutte à goutte
Fèves,Utilisation de variétés résistantes
Safran,Semis direct
Safran,Inoculation bactérienne
Safran,Culture en serre
Coco,Technique D'engrais vert
Coco,Désherbage manuel
Romarin,Désherbage manuel
Romarin,Traitement des semences
Romarin,Enrichissement en mycorhizes
Rhubarbe,Mulchage
Rhubarbe,Désherbage manuel
Laitue,Utilisation de cultures couvre-sol
Laitue,Technique D'engrais vert
Prunier,Fertilisation foliaire
Prunier,Désherbage manuel
Prunier,Éclaircissage des plants
Abricotier,Éclaircissage des plants
Abricotier,Rotation des cultures
Rhubarbe,Enrichissement en mycorhizes
Rhubarbe,Irrigation goutte à goutte
Safran,Traitement des semences
Safran,Irrigation goutte à goutte
Baobab,Rotation des cultures
Baobab,Application de biopesticides
Camomille,Utilisation de variétés résistantes
Camomille,Irrigation goutte à goutte
Camomille,Fertilisation foliaire
Champignon shiitake,Inoculation bactérienne
Champignon shiitake,Utilisation de cultures couvre-sol
Champignon shiitake,Désherbage manuel
Palmier dattier,Technique D'engrais vert
Palmier dattier,Éclaircissage
Palmier dattier,Utilisation de cultures couvre-sol
Canistel,Fertilisation foliaire
Canistel,Semis direct
Canistel,Technique D'engrais vert
Banane plantain,Éclaircissage
Banane plantain,Semis direct
Safran,Fertilisation au compost
Safran,Fertilisation au compost
Safran,Utilisation de cultures couvre-sol
Champignon shiitake,Irrigation goutte à goutte
Champignon shiitake,Éclaircissage
Champignon shiitake,Semis direct
Ciboulette,Mulchage
Ciboulette,Mulchage
Ciboulette,Éclaircissage des plants
Quinoa,Mulchage
Quinoa,Utilisation de variétés résistantes
Pois,Éclaircissage des plants
Pois,Traitement des semences
Papyrus,Mulchage
Papyrus,Fertilisation foliaire
Papyrus,Désherbage manuel
Ail,Technique D'engrais vert
Ail,Éclaircissage
Maïs sucré,Éclaircissage
Maïs sucré,Application de compost
Maïs sucré,Irrigation goutte à goutte
Maïs sucré,Contrôle biologique des nuisibles
Maïs sucré,Éclaircissage
Cacao,Paillage
Cacao,Contrôle biologique des nuisibles
Cacao,Application de compost
Pois,Culture en serre
Pois,Culture en serre
Blé tendre,Désherbage manuel
Blé tendre,Traitement des semences
Blé tendre,Inoculation bactérienne
Romarin,Contrôle biologique des nuisibles
Romarin,Paillage
Blé dur,Désherbage manuel
Blé dur,Enrichissement en mycorhizes
Blé dur,Irrigation goutte à goutte
Safran,Fertilisation foliaire
Safran,Technique D'engrais vert
Coco,Enrichissement en mycorhizes
Coco,Désherbage manuel
Coco,Désherbage manuel
Acacia,Culture en serre
Acacia,Mulchage
Acacia,Irrigation goutte à goutte
Courgettes,Mulchage
Courgettes,Éclaircissage des plants
Courgettes,Application de biopesticides
Lentilles,Éclaircissage des plants
Lentilles,Application de compost
Menthe,Contrôle biologique des nuisibles
Menthe,Utilisation de cultures couvre-sol
Menthe,Fertilisation foliaire
Tournesol,Irrigation goutte à goutte
Tournesol,Application de compost
Rhubarbe,Éclaircissage
Rhubarbe,Paillage
Rhubarbe,Enrichissement en mycorhizes
Kiwi,Culture en serre
Kiwi,Fertilisation au compost
Kiwi,Désherbage manuel
Noix de cajou,Utilisation de variétés résistantes
Noix de cajou,Traitement des semences
Noix de cajou,Irrigation goutte à goutte
Nectarine,Éclaircissage
Nectarine,Culture en serre
Nectarine,Rotation des cultures
Bambou,Désherbage manuel
Bambou,Utilisation de variétés résistantes
Bambou,Enrichissement en mycorhizes
Lavande,Utilisation de variétés résistantes
Lavande,Culture en serre
Poivron rouge,Culture en serre
Poivron rouge,Traitement des semences
Poivron rouge,Contrôle biologique des nuisibles
Origan,Désherbage manuel
Origan,Fertilisation au compost
Origan,Contrôle biologique des nuisibles
Luzerne,Culture en serre
Luzerne,Utilisation de variétés résistantes
Palmier dattier,Inoculation bactérienne
Palmier dattier,Application de biopesticides
Haricot mungo,Utilisation de variétés résistantes
Haricot mungo,Désherbage manuel
Haricot mungo,Éclaircissage
Lin oléagineux,Éclaircissage des plants
Lin oléagineux,Inoculation bactérienne
Coco,Mulchage
Coco,Enrichissement en mycorhizes
Chou frisé,Technique D'engrais vert
Chou frisé,Utilisation de cultures couvre-sol
Chou frisé,Éclaircissage des plants
Tournesol,Fertilisation foliaire
Tournesol,Utilisation de variétés résistantes
Camomille,Éclaircissage
Camomille,Éclaircissage
Bette à carde,Irrigation goutte à goutte
Bette à carde,Fertilisation au compost
Framboise,Culture en serre
Framboise,Paillage
Chou cavalier,Désherbage manuel
Chou cavalier,Fertilisation foliaire
Chou cavalier,Utilisation de variétés résistantes
Chou cavalier,Paillage
Vigne à raisin,Semis direct
Vigne à raisin,Application de compost
Lin oléagineux,Culture en serre
Lin oléagineux,Enrichissement en mycorhizes
Lin oléagineux,Culture en serre
Chou-fleur,Éclaircissage des plants
Chou-fleur,Technique D'engrais vert
Chou-fleur,Fertilisation foliaire
Cacao,Contrôle biologique des nuisibles
Cacao,Désherbage manuel
Amandier,Application de biopesticides
Amandier,Utilisation de variétés résistantes
Colza,Application de compost
Colza,Inoculation bactérienne
Colza,Inoculation bactérienne
Kumquat,Application de compost
Kumquat,Traitement des semences
Pak choï,Traitement des semences
Pak choï,Inoculation bactérienne
Coco,Rotation des cultures
Coco,Semis direct
Coco,Application de biopesticides
Ciboulette,Rotation des cultures
Ciboulette,Technique D'engrais vert
Lentilles,Inoculation bactérienne
Lentilles,Irrigation goutte à goutte
Lentilles,Désherbage manuel
Lentilles,Contrôle biologique des nuisibles
Radis,Semis direct
Radis,Application de compost
Riz paddy,Fertilisation au compost
Riz paddy,Désherbage manuel
Riz paddy,Éclaircissage des plants
Coco,Traitement des semences
Coco,Désherbage manuel
Coco,Semis direct
Pommes de terre,Fertilisation foliaire
Pommes de terre,Désherbage manuel
Pommes de terre,Utilisation de cultures couvre-sol
Avoine nue,Application de biopesticides
Avoine nue,Éclaircissage
Avoine nue,Fertilisation au compost
Mûre,Semis direct
Mûre,Utilisation de cultures couvre-sol
Pommier,Semis direct
Pommier,Inoculation bactérienne
Poivron rouge,Irrigation goutte à goutte
Poivron rouge,Désherbage manuel
Papyrus,Mulchage
Papyrus,Fertilisation au compost
Papyrus,Utilisation de cultures couvre-sol
Papyrus,Paillage
Bambou,Paillage
Bambou,Désherbage manuel
Aubergine,Enrichissement en mycorhizes
Aubergine,Fertilisation foliaire
Aubergine,Fertilisation foliaire
Piment vert,Éclaircissage
Piment vert,Désherbage manuel
Radis,Irrigation goutte à goutte
Radis,Irrigation goutte à goutte
Riz paddy,Paillage
Riz paddy,Utilisation de cultures couvre-sol
Riz paddy,Rotation des cultures
Théier,Utilisation de cultures couvre-sol
Théier,Application de compost
Ananas,Utilisation de variétés résistantes
Ananas,Irrigation goutte à goutte
Baobab,Désherbage manuel
Baobab,Utilisation de cultures couvre-sol
Baobab,Culture en serre
Carottes,Utilisation de variétés résistantes
Carottes,Fertilisation foliaire
Carottes,Rotation des cultures
Caféier,Rotation des cultures
Caféier,Technique D'engrais vert
Caféier,Application de compost
Navet,Fertilisation foliaire
Navet,Application de compost
Pak choï,Fertilisation foliaire
Pak choï,Enrichissement en mycorhizes
Artichaut,Technique D'engrais vert
Artichaut,Mulchage
Basilic,Enrichissement en mycorhizes
Basilic,Technique D'engrais vert
Canne à sucre,Paillage
Canne à sucre,Fertilisation foliaire
Canne à sucre,Application de biopesticides
Brocoli,Contrôle biologique des nuisibles
Brocoli,Paillage
Mizuna,Fertilisation au compost
Mizuna,Utilisation de variétés résistantes
Bette à carde,Utilisation de cultures couvre-sol
Bette à carde,Enrichissement en mycorhizes
Gingembre,Application de compost
Gingembre,Éclaircissage
Camomille,Application de biopesticides
Camomille,Traitement des semences
Camomille,Fertilisation foliaire
Cannelle,Désherbage manuel
Cannelle,Culture en serre
Cannelle,Utilisation de cultures couvre-sol
Haricot mungo,Irrigation goutte à goutte
Haricot mungo,Désherbage manuel
Haricot mungo,Fertilisation au compost
Kiwi,Contrôle biologique des nuisibles
Kiwi,Mulchage
Kiwi,Éclaircissage
Safran,Désherbage manuel
Safran,Fertilisation foliaire
Safran,Application de biopesticides
Noyer,Culture en serre
Noyer,Application de compost
Pois chiche,Éclaircissage des plants
Pois chiche,Enrichissement en mycorhizes
Pois chiche,Éclaircissage
Blé dur,Culture en serre
Blé dur,Technique D'engrais vert
Blé dur,Éclaircissage des plants
Mûre,Application de biopesticides
Mûre,Désherbage manuel
Mûre,Utilisation de variétés résistantes
Figuier,Irrigation goutte à goutte
Figuier,Technique D'engrais vert
Lentilles,Irrigation goutte à goutte
Lentilles,Paillage
Pêcher,Éclaircissage des plants
Pêcher,Semis direct
Pommes de terre,Désherbage manuel
Pommes de terre,Rotation des cultures
Chou cavalier,Mulchage
Chou cavalier,Fertilisation au compost
Chou cavalier,Utilisation de cultures couvre-sol
Baies de goji,Enrichissement en mycorhizes
Baies de goji,Utilisation de cultures couvre-sol
Baies de goji,Utilisation de cultures couvre-sol
Artichaut,Irrigation goutte à goutte
Artichaut,Application de compost
Artichaut,Rotation des cultures
Pêcher,Contrôle biologique des nuisibles
Pêcher,Utilisation de cultures couvre-sol
Pêcher,Application de compost
Grenadier,Fertilisation foliaire
Grenadier,Application de biopesticides
Grenadier,Traitement des semences
Ciboulette,Traitement des semences
Ciboulette,Désherbage manuel
Ciboulette,Éclaircissage
Chou-fleur,Technique D'engrais vert
Chou-fleur,Contrôle biologique des nuisibles
Noix de cajou,Éclaircissage
Noix de cajou,Enrichissement en mycorhizes
Cacao,Éclaircissage
Cacao,Enrichissement en mycorhizes
Menthe,Fertilisation foliaire
Menthe,Éclaircissage des plants
Menthe,Inoculation bactérienne
Safran,Irrigation goutte à goutte
Safran,Fertilisation au compost
Camomille,Éclaircissage
Camomille,Désherbage manuel
Camomille,Application de compost
Luzerne,Éclaircissage
Luzerne,Semis direct
Châtaignier,Éclaircissage
Châtaignier,Éclaircissage
Châtaignier,Utilisation de variétés résistantes
Tamarin,Application de compost
Tamarin,Éclaircissage des plants
Tamarin,Semis direct
Gingembre,Inoculation bactérienne
Gingembre,Culture en serre
Gingembre,Paillage
Luzerne,Irrigation goutte à goutte
Luzerne,Éclaircissage des plants
Théier,Application de compost
Théier,Enrichissement en mycorhizes
Théier,Rotation des cultures
Pois,Semis direct
Pois,Irrigation goutte à goutte
Pois,Traitement des semences
Navet,Éclaircissage des plants
Navet,Inoculation bactérienne
Prunier,Désherbage manuel
Prunier,Éclaircissage des plants
Prunier,Irrigation goutte à goutte
Manguier,Utilisation de variétés résistantes
Manguier,Utilisation de variétés résistantes
Chou rouge,Technique D'engrais vert
Chou rouge,Application de biopesticides
Chou rouge,Paillage
Maïs sucré,Éclaircissage
Maïs sucré,Fertilisation au compost
Blé dur,Fertilisation au compost
Blé dur,Utilisation de cultures couvre-sol
Blé dur,Paillage
Noix de cajou,Technique D'engrais vert
Noix de cajou,Culture en serre
Noix de cajou,Culture en serre
Vesce,Éclaircissage des plants
Vesce,Utilisation de cultures couvre-sol
Vesce,Traitement des semences
Papyrus,Inoculation bactérienne
Papyrus,Utilisation de cultures couvre-sol
Arachide,Irrigation goutte à goutte
Arachide,Désherbage manuel
Arachide,Paillage
Jujubier,Rotation des cultures
Jujubier,Désherbage manuel
Jujubier,Application de compost
Menthe,Utilisation de variétés résistantes
Menthe,Fertilisation au compost
Menthe,Fertilisation foliaire
Poivron rouge,Application de compost
Poivron rouge,Utilisation de cultures couvre-sol
Poivron rouge,Application de biopesticides
Avoine nue,Éclaircissage
Avoine nue,Utilisation de cultures couvre-sol
Avoine nue,Traitement des semences
Banane plantain,Contrôle biologique des nuisibles
Banane plantain,Semis direct
Banane plantain,Désherbage manuel
Laitue,Désherbage manuel
Laitue,Technique D'engrais vert
Avoine nue,Éclaircissage
Avoine nue,Semis direct
Olives,Fertilisation foliaire
Olives,Semis direct
Olives,Utilisation de cultures couvre-sol
Brocoli,Désherbage manuel
Brocoli,Désherbage manuel
Maïs sucré,Paillage
Maïs sucré,Rotation des cultures
Maïs sucré,Utilisation de variétés résistantes
Arbre à pain,Mulchage
Arbre à pain,Semis direct
Tamarin,Fertilisation foliaire
Tamarin,Enrichissement en mycorhizes
Tamarin,Fertilisation au compost
Tomates,Désherbage manuel
Tomates,Application de compost
Tomates,Semis direct
Millet,Application de compost
Millet,Technique D'engrais vert
Millet,Application de biopesticides
Palmier dattier,Fertilisation au compost
Palmier dattier,Application de biopesticides
Palmier dattier,Traitement des semences
Radis,Irrigation goutte à goutte
Radis,Technique D'engrais vert
Radis,Enrichissement en mycorhizes
Ananas,Désherbage manuel
Ananas,Éclaircissage
Vesce,Technique D'engrais vert
Vesce,Irrigation goutte à goutte
Vesce,Utilisation de cultures couvre-sol
Navet,Fertilisation foliaire
Navet,Utilisation de cultures couvre-sol
Litchi,Inoculation bactérienne
Litchi,Rotation des cultures
Tamarin,Éclaircissage
Tamarin,Irrigation goutte à goutte
Courgettes,Fertilisation foliaire
Courgettes,Application de compost
Origan,Technique D'engrais vert
Origan,Contrôle biologique des nuisibles
Poivron rouge,Désherbage manuel
Poivron rouge,Culture en serre
Poivron rouge,Semis direct
Gingembre,Technique D'engrais vert
Gingembre,Contrôle biologique des nuisibles
Épinard,Fertilisation au compost
Épinard,Fertilisation foliaire
Arachide,Éclaircissage
Arachide,Désherbage manuel
Pêcher,Fertilisation au compost
Pêcher,Paillage
Pêcher,Éclaircissage
Canistel,Traitement des semences
Canistel,Application de compost
Canistel,Technique D'engrais vert
Pois chiche,Enrichissement en mycorhizes
Pois chiche,Rotation des cultures
Papyrus,Irrigation goutte à goutte
Papyrus,Utilisation de cultures couvre-sol
Papyrus,Irrigation goutte à goutte
Palmier dattier,Culture en serre
Palmier dattier,Utilisation de variétés résistantes
Palmier dattier,Désherbage manuel
Noisetier,Fertilisation foliaire
Noisetier,Éclaircissage
Champignon shiitake,Traitement des semences
Champignon shiitake,Fertilisation foliaire
Courgettes,Utilisation de variétés résistantes
Courgettes,Fertilisation au compost
Tournesol,Utilisation de variétés résistantes
Tournesol,Application de compost
Lentilles,Application de compost
Lentilles,Culture en serre
Gingembre,Culture en serre
Gingembre,Semis direct
Amandier,Utilisation de variétés résistantes
Amandier,Culture en serre
Épinard,Inoculation bactérienne
Épinard,Irrigation goutte à goutte
Maïs sucré,Fertilisation foliaire
Maïs sucré,Application de biopesticides
Acacia,Éclaircissage des plants
Acacia,Mulchage
Acacia,Rotation des cultures
Myrtille,Application de biopesticides
Myrtille,Contrôle biologique des nuisibles
Myrtille,Désherbage manuel
Nectarine,Contrôle biologique des nuisibles
Nectarine,Éclaircissage
Muscade,Paillage
Muscade,Éclaircissage des plants
Rhubarbe,Irrigation goutte à goutte
Rhubarbe,Désherbage manuel
Coton,Irrigation goutte à goutte
Coton,Utilisation de variétés résistantes
Coton,Paillage
Litchi,Contrôle biologique des nuisibles
Litchi,Rotation des cultures
Betterave sucrière,Désherbage manuel
Betterave sucrière,Désherbage manuel
Mizuna,Utilisation de variétés résistantes
Mizuna,Contrôle biologique des nuisibles
Persil,Mulchage
Persil,Application de compost
Persil,Éclaircissage des plants
Tomates,Inoculation bactérienne
Tomates,Fertilisation foliaire
Tomates,Rotation des cultures
Noix de cajou,Paillage
Noix de cajou,Rotation des cultures
Champignon pleurote,Application de biopesticides
Champignon pleurote,Utilisation de cultures couvre-sol
Coco,Désherbage manuel
Coco,Technique D'engrais vert
Lin oléagineux,Semis direct
Lin oléagineux,Paillage
Lin oléagineux,Fertilisation au compost
Nectarine,Enrichissement en mycorhizes
Nectarine,Contrôle biologique des nuisibles
Vanille,Technique D'engrais vert
Vanille,Utilisation de variétés résistantes
Baies de goji,Inoculation bactérienne
Baies de goji,Mulchage
Poirier,Irrigation goutte à goutte
Poirier,Irrigation goutte à goutte
Chou frisé,Fertilisation au compost
Chou frisé,Utilisation de cultures couvre-sol
Chou frisé,Contrôle biologique des nuisibles
Amandier,Utilisation de variétés résistantes
Amandier,Désherbage manuel
Arbre à pain,Utilisation de variétés résistantes
Arbre à pain,Éclaircissage
Nectarine,Rotation des cultures
Nectarine,Éclaircissage
Nectarine,Traitement des semences
Chou cavalier,Semis direct
Chou cavalier,Utilisation de variétés résistantes
Quinoa,Éclaircissage
Quinoa,Technique D'engrais vert
Quinoa,Désherbage manuel
Vigne à raisin,Semis direct
Vigne à raisin,Éclaircissage
Vigne à raisin,Application de compost
Coton,Application de biopesticides
Coton,Fertilisation foliaire
Pois,Semis direct
Pois,Irrigation goutte à goutte
Kumquat,Enrichissement en mycorhizes
Kumquat,Application de biopesticides
Kumquat,Paillage
Litchi,Culture en serre
Litchi,Désherbage manuel
Litchi,Application de biopesticides
Aubergine,Fertilisation au compost
Aubergine,Éclaircissage
Laitue,Traitement des semences
Laitue,Application de compost
Chou-fleur,Inoculation bactérienne
Chou-fleur,Mulchage
Chou-fleur,Irrigation goutte à goutte
Canistel,Paillage
Canistel,Traitement des semences
Noyer,Paillage
Noyer,Éclaircissage des plants
Manioc,Mulchage
Manioc,Utilisation de variétés résistantes
Manioc,Fertilisation foliaire
Mizuna,Désherbage manuel
Mizuna,Mulchage
Betterave sucrière,Enrichissement en mycorhizes
Betterave sucrière,Fertilisation foliaire
Anis étoilé,Éclaircissage
Anis étoilé,Rotation des cultures
Jujubier,Utilisation de cultures couvre-sol
Jujubier,Fertilisation foliaire
Tamarin,Traitement des semences
Tamarin,Désherbage manuel
Tamarin,Désherbage manuel
Banane plantain,Application de compost
Banane plantain,Inoculation bactérienne
Banane plantain,Contrôle biologique des nuisibles
Lavande,Rotation des cultures
Lavande,Désherbage manuel
Théier,Utilisation de variétés résistantes
Théier,Désherbage manuel
Théier,Fertilisation foliaire
Champignon shiitake,Éclaircissage
Champignon shiitake,Application de compost
Chou frisé,Fertilisation foliaire
Chou frisé,Désherbage manuel
Cannelle,Traitement des semences
Cannelle,Éclaircissage des plants
Cannelle,Éclaircissage des plants
Sorgho grain,Culture en serre
Sorgho grain,Utilisation de cultures couvre-sol
Sorgho grain,Rotation des cultures
Colza oléagineux,Fertilisation foliaire
Colza oléagineux,Désherbage manuel
Colza oléagineux,Contrôle biologique des nuisibles
Laitue,Utilisation de variétés résistantes
Laitue,Traitement des semences
Laitue,Enrichissement en mycorhizes
Pois chiche,Application de compost
Pois chiche,Utilisation de cultures couvre-sol
Pois chiche,Désherbage manuel
Avoine de printemps,Irrigation goutte à goutte
Avoine de printemps,Application de biopesticides
Tournesol,Culture en serre
Tournesol,Utilisation de variétés résistantes
Noyer,Désherbage manuel
Noyer,Désherbage manuel
Pommes de terre,Contrôle biologique des nuisibles
Pommes de terre,Désherbage manuel
Pommes de terre,Éclaircissage
Canneberge,Contrôle biologique des nuisibles
Canneberge,Paillage
Manioc,Irrigation goutte à goutte
Manioc,Semis direct
Manioc,Éclaircissage
Ananas,Mulchage
Ananas,Application de compost
Ananas,Éclaircissage des plants
Arachide,Rotation des cultures
Arachide,Inoculation bactérienne
Arachide,Culture en serre
Sarrasin,Culture en serre
Sarrasin,Culture en serre
Sarrasin,Désherbage manuel
Chou cavalier,Désherbage manuel
Chou cavalier,Technique D'engrais vert
Chou cavalier,Culture en serre
Prunier,Éclaircissage des plants
Prunier,Fertilisation au compost
Manguier,Rotation des cultures
Manguier,Irrigation goutte à goutte
Pommes de terre,Désherbage manuel
Pommes de terre,Désherbage manuel
Papyrus,Rotation des cultures
Papyrus,Inoculation bactérienne
Lavande,Irrigation goutte à goutte
Lavande,Semis direct
Soja,Culture en serre
Soja,Semis direct
Céleri,Irrigation goutte à goutte
Céleri,Semis direct
Céleri,Semis direct
Kiwi,Fertilisation au compost
Kiwi,Désherbage manuel
Acacia,Culture en serre
Acacia,Mulchage
Tamarin,Application de compost
Tamarin,Fertilisation au compost
Laitue,Inoculation bactérienne
Laitue,Fertilisation au compost
Palmier dattier,Fertilisation foliaire
Palmier dattier,Mulchage
Palmier dattier,Application de biopesticides
Sorgho fourrager,Enrichissement en mycorhizes
Sorgho fourrager,Paillage
Sorgho fourrager,Utilisation de variétés résistantes
Cannelle,Fertilisation foliaire
Cannelle,Rotation des cultures
Cannelle,Désherbage manuel
Thym,Éclaircissage
Thym,Éclaircissage des plants
Thym,Paillage
Quinoa,Désherbage manuel
Quinoa,Mulchage
Quinoa,Inoculation bactérienne
Gingembre,Application de biopesticides
Gingembre,Fertilisation au compost
Lentilles,Mulchage
Lentilles,Application de biopesticides
Lentilles,Mulchage
Betterave sucrière,Traitement des semences
Betterave sucrière,Enrichissement en mycorhizes
Betterave sucrière,Fertilisation au compost
Piment vert,Culture en serre
Piment vert,Irrigation goutte à goutte
Piment vert,Rotation des cultures
Champignon pleurote,Utilisation de cultures couvre-sol
Champignon pleurote,Semis direct
Champignon pleurote,Désherbage manuel
Canneberge,Utilisation de cultures couvre-sol
Canneberge,Traitement des semences
Myrtille,Contrôle biologique des nuisibles
Myrtille,Contrôle biologique des nuisibles
Myrtille,Irrigation goutte à goutte
Banane plantain,Irrigation goutte à goutte
Banane plantain,Utilisation de variétés résistantes
Radis,Désherbage manuel
Radis,Désherbage manuel
Radis,Semis direct
Manguier,Désherbage manuel
Manguier,Désherbage manuel
Manguier,Mulchage
Papyrus,Désherbage manuel
Papyrus,Fertilisation au compost
Papyrus,Éclaircissage
Palmier dattier,Irrigation goutte à goutte
Palmier dattier,Éclaircissage
Palmier dattier,Application de compost
Kumquat,Technique D'engrais vert
Kumquat,Fertilisation foliaire
Soja,Éclaircissage
Soja,Mulchage
Noyer,Paillage
Noyer,Utilisation de variétés résistantes
Noyer,Fertilisation au compost
Pois chiche,Utilisation de variétés résistantes
Pois chiche,Fertilisation foliaire
Pois chiche,Rotation des cultures
Canistel,Contrôle biologique des nuisibles
Canistel,Culture en serre
Haricot mungo,Traitement des semences
Haricot mungo,Contrôle biologique des nuisibles
Haricot mungo,Fertilisation foliaire
Pommes de terre,Paillage
Pommes de terre,Désherbage manuel
Pommes de terre,Paillage
Pak choï,Éclaircissage
Pak choï,Utilisation de cultures couvre-sol
Camomille,Éclaircissage
Camomille,Utilisation de cultures couvre-sol
Coco,Paillage
Coco,Culture en serre
Avoine de printemps,Paillage
Avoine de printemps,Fertilisation foliaire
Avoine de printemps,Désherbage manuel
Colza,Paillage
Colza,Irrigation goutte à goutte
Colza,Paillage
Avoine nue,Application de compost
Avoine nue,Fertilisation foliaire
Canneberge,Culture en serre
Canneberge,Rotation des cultures
Canneberge,Éclaircissage
Grenadier,Traitement des semences
Grenadier,Enrichissement en mycorhizes
Aubergine,Désherbage manuel
Aubergine,Irrigation goutte à goutte
Aubergine,Traitement des semences
Luzerne,Application de biopesticides
Luzerne,Culture en serre
Luzerne,Utilisation de cultures couvre-sol
Châtaignier,Éclaircissage
Châtaignier,Application de biopesticides
Châtaignier,Fertilisation au compost
Betterave sucrière,Utilisation de cultures couvre-sol
Betterave sucrière,Application de compost
Noix de cajou,Technique D'engrais vert
Noix de cajou,Semis direct
Noix de cajou,Fertilisation foliaire
Sarrasin,Éclaircissage des plants
Sarrasin,Éclaircissage
Sarrasin,Application de biopesticides
Lavande,Désherbage manuel
Lavande,Semis direct
Sesame,Éclaircissage des plants
Sesame,Éclaircissage des plants
Sesame,Rotation des cultures
Framboise,Culture en serre
Framboise,Désherbage manuel
Framboise,Application de compost
Chou-fleur,Application de biopesticides
Chou-fleur,Utilisation de cultures couvre-sol
Chou-fleur,Application de compost
Blé tendre,Mulchage
Blé tendre,Enrichissement en mycorhizes
Théier,Traitement des semences
Théier,Désherbage manuel
Théier,Application de biopesticides
Seigle,Fertilisation foliaire
Seigle,Fertilisation foliaire
Seigle,Application de compost
Haricot mungo,Désherbage manuel
Haricot mungo,Fertilisation foliaire
Safran,Application de compost
Safran,Technique D'engrais vert
Baobab,Technique D'engrais vert
Baobab,Fertilisation foliaire
Chou rouge,Mulchage
Chou rouge,Technique D'engrais vert
Chou rouge,Contrôle biologique des nuisibles
Colza,Éclaircissage
Colza,Fertilisation au compost
Pêcher,Paillage
Pêcher,Utilisation de variétés résistantes
Pêcher,Inoculation bactérienne
Brocoli,Fertilisation foliaire
Brocoli,Désherbage manuel
Pois,Semis direct
Pois,Désherbage manuel
Kumquat,Rotation des cultures
Kumquat,Mulchage
Kumquat,Éclaircissage
Poirier,Paillage
Poirier,Technique D'engrais vert
Tournesol,Paillage
Tournesol,Fertilisation au compost
Tournesol,Éclaircissage des plants
Amandier,Utilisation de cultures couvre-sol
Amandier,Semis direct
Amandier,Rotation des cultures
Artichaut,Culture en serre
Artichaut,Utilisation de variétés résistantes
Artichaut,Fertilisation au compost
Tournesol,Utilisation de variétés résistantes
Tournesol,Fertilisation foliaire
Nectarine,Rotation des cultures
Nectarine,Fertilisation foliaire
Sorgho grain,Contrôle biologique des nuisibles
Sorgho grain,Technique D'engrais vert
Sorgho grain,Technique D'engrais vert
Fraise,Irrigation goutte à goutte
Fraise,Désherbage manuel
Ail,Paillage
Ail,Éclaircissage
Ail,Utilisation de cultures couvre-sol
Carottes,Éclaircissage
Carottes,Éclaircissage des plants
Carottes,Traitement des semences
Millet,Fertilisation foliaire
Millet,Utilisation de variétés résistantes
Millet,Technique D'engrais vert
Noisetier,Utilisation de cultures couvre-sol
Noisetier,Culture en serre
Noisetier,Désherbage manuel
Fèves,Culture en serre
Fèves,Éclaircissage
Lentilles,Contrôle biologique des nuisibles
Lentilles,Rotation des cultures
Lentilles,Application de compost
Papaye,Désherbage manuel
Papaye,Rotation des cultures
Papaye,Utilisation de cultures couvre-sol
Pommes de terre,Contrôle biologique des nuisibles
Pommes de terre,Rotation des cultures
Curcuma,Utilisation de cultures couvre-sol
Curcuma,Technique D'engrais vert
Curcuma,Désherbage manuel
Champignon shiitake,Désherbage manuel
Champignon shiitake,Enrichissement en mycorhizes
Framboise,Irrigation goutte à goutte
Framboise,Application de biopesticides
Chou frisé,Mulchage
Chou frisé,Irrigation goutte à goutte
Canne à sucre,Désherbage manuel
Canne à sucre,Utilisation de variétés résistantes
Ananas,Inoculation bactérienne
Ananas,Inoculation bactérienne
Ananas,Éclaircissage
Tamarin,Désherbage manuel
Tamarin,Éclaircissage des plants
Tamarin,Fertilisation foliaire
Acacia,Désherbage manuel
Acacia,Traitement des semences
Acacia,Fertilisation foliaire
Litchi,Désherbage manuel
Litchi,Fertilisation foliaire
Litchi,Irrigation goutte à goutte
Anis étoilé,Enrichissement en mycorhizes
Anis étoilé,Rotation des cultures
Pommes de terre,Désherbage manuel
Pommes de terre,Désherbage manuel
Pommes de terre,Désherbage manuel
Jujubier,Contrôle biologique des nuisibles
Jujubier,Application de biopesticides
Jujubier,Mulchage
Avoine nue,Mulchage
Avoine nue,Éclaircissage
Avoine nue,Application de biopesticides
Poirier,Application de biopesticides
Poirier,Rotation des cultures
Poirier,Utilisation de variétés résistantes
Céleri,Technique D'engrais vert
Céleri,Paillage
Céleri,Culture en serre
Concombre,Utilisation de cultures couvre-sol
Concombre,Inoculation bactérienne
Concombre,Traitement des semences
Bambou,Désherbage manuel
Bambou,Application de compost
Bambou,Désherbage manuel
Myrtille,Application de compost
Myrtille,Désherbage manuel
Myrtille,Paillage
Vesce,Éclaircissage
Vesce,Inoculation bactérienne
Vesce,Fertilisation au compost
Myrtille,Éclaircissage
Myrtille,Inoculation bactérienne
Carottes,Traitement des semences
Carottes,Désherbage manuel
Carottes,Rotation des cultures
Tomates,Désherbage manuel
Tomates,Paillage
Tomates,Traitement des semences
Pak choï,Technique D'engrais vert
Pak choï,Désherbage manuel
Pak choï,Paillage
Kiwi,Inoculation bactérienne
Kiwi,Paillage
Tomates,Paillage
Tomates,Inoculation bactérienne
Haricot mungo,Fertilisation foliaire
Haricot mungo,Application de biopesticides
Haricot mungo,Utilisation de cultures couvre-sol
Chou rouge,Application de compost
Chou rouge,Technique D'engrais vert
Millet,Fertilisation foliaire
Millet,Traitement des semences
Millet,Contrôle biologique des nuisibles
Bette à carde,Fertilisation foliaire
Bette à carde,Application de compost
Bette à carde,Inoculation bactérienne
Abricotier,Fertilisation au compost
Abricotier,Semis direct
Abricotier,Irrigation goutte à goutte
Tamarin,Irrigation goutte à goutte
Tamarin,Rotation des cultures
Tamarin,Semis direct
Pêcher,Éclaircissage des plants
Pêcher,Éclaircissage
Carottes,Utilisation de cultures couvre-sol
Carottes,Utilisation de variétés résistantes
Carottes,Utilisation de cultures couvre-sol
Chou frisé,Désherbage manuel
Chou frisé,Rotation des cultures
Laitue,Rotation des cultures
Laitue,Irrigation goutte à goutte
Camomille,Technique D'engrais vert
Camomille,Contrôle biologique des nuisibles
Camomille,Fertilisation foliaire
Tomates,Culture en serre
Tomates,Utilisation de variétés résistantes
Tomates,Application de biopesticides
Mûre,Paillage
Mûre,Mulchage
Jujubier,Inoculation bactérienne
Jujubier,Culture en serre
Jujubier,Inoculation bactérienne
Banane plantain,Inoculation bactérienne
Banane plantain,Éclaircissage
Piment vert,Utilisation de cultures couvre-sol
Piment vert,Utilisation de cultures couvre-sol
Caféier,Enrichissement en mycorhizes
Caféier,Application de compost
Caféier,Mulchage
Caféier,Irrigation goutte à goutte
Caféier,Culture en serre
Caféier,Rotation des cultures
Poivron rouge,Fertilisation foliaire
Poivron rouge,Culture en serre
Poivron rouge,Traitement des semences
Cannelle,Utilisation de variétés résistantes
Cannelle,Contrôle biologique des nuisibles
Cannelle,Traitement des semences
Fèves,Fertilisation foliaire
Fèves,Utilisation de variétés résistantes
Haricot mungo,Application de compost
Haricot mungo,Contrôle biologique des nuisibles
Haricot mungo,Utilisation de variétés résistantes
Ail,Technique D'engrais vert
Ail,Utilisation de variétés résistantes
Ail,Technique D'engrais vert
Tomates,Culture en serre
Tomates,Contrôle biologique des nuisibles
Tomates,Utilisation de variétés résistantes
Kumquat,Contrôle biologique des nuisibles
Kumquat,Fertilisation au compost
Cannelle,Éclaircissage
Cannelle,Application de biopesticides
Piment vert,Désherbage manuel
Piment vert,Enrichissement en mycorhizes
Piment vert,Éclaircissage
Poivron rouge,Application de biopesticides
Poivron rouge,Fertilisation foliaire
Grenadier,Application de compost
Grenadier,Utilisation de variétés résistantes
Grenadier,Désherbage manuel
Tomates,Désherbage manuel
Tomates,Technique D'engrais vert
Prunier,Traitement des semences
Prunier,Application de biopesticides
Châtaignier,Utilisation de variétés résistantes
Châtaignier,Semis direct
Palmier dattier,Utilisation de variétés résistantes
Palmier dattier,Irrigation goutte à goutte
Aubergine,Paillage
Aubergine,Désherbage manuel
Lavande,Application de compost
Lavande,Désherbage manuel
Épinard,Paillage
Épinard,Paillage
Épinard,Désherbage manuel
Pistachier,Irrigation goutte à goutte
Pistachier,Utilisation de variétés résistantes
Champignon shiitake,Éclaircissage des plants
Champignon shiitake,Utilisation de cultures couvre-sol
Artichaut,Utilisation de variétés résistantes
Artichaut,Fertilisation au compost
Canneberge,Désherbage manuel
Canneberge,Utilisation de variétés résistantes
Soja,Paillage
Soja,Culture en serre
Soja,Utilisation de cultures couvre-sol
Carottes,Irrigation goutte à goutte
Carottes,Mulchage
Carottes,Utilisation de cultures couvre-sol
Carottes,Désherbage manuel
Sorgho grain,Contrôle biologique des nuisibles
Sorgho grain,Inoculation bactérienne
Sorgho grain,Culture en serre
Pêcher,Utilisation de variétés résistantes
Pêcher,Traitement des semences
Pêcher,Éclaircissage
Melon d'eau,Inoculation bactérienne
Melon d'eau,Application de compost
Melon d'eau,Paillage
Abricotier,Désherbage manuel
Abricotier,Application de biopesticides
Abricotier,Éclaircissage
Jujubier,Contrôle biologique des nuisibles
Jujubier,Inoculation bactérienne
Jujubier,Technique D'engrais vert
Muscade,Utilisation de variétés résistantes
Muscade,Rotation des cultures
Carottes,Enrichissement en mycorhizes
Carottes,Inoculation bactérienne
Carottes,Mulchage
Colza oléagineux,Contrôle biologique des nuisibles
Colza oléagineux,Rotation des cultures
Colza oléagineux,Éclaircissage
Piment vert,Culture en serre
Piment vert,Éclaircissage des plants
Chou cavalier,Mulchage
Chou cavalier,Enrichissement en mycorhizes
Chou cavalier,Utilisation de variétés résistantes
Soja,Désherbage manuel
Soja,Éclaircissage
Soja,Culture en serre
Amandier,Rotation des cultures
Amandier,Application de compost
Pommier,Éclaircissage
Pommier,Désherbage manuel
Manioc,Paillage
Manioc,Fertilisation au compost
Manioc,Utilisation de cultures couvre-sol
Avoine de printemps,Inoculation bactérienne
Avoine de printemps,Fertilisation au compost
Avoine de printemps,Application de biopesticides
Noyer,Rotation des cultures
Noyer,Application de biopesticides
Noyer,Inoculation bactérienne
Manioc,Éclaircissage des plants
Manioc,Contrôle biologique des nuisibles
Manioc,Technique D'engrais vert
Quinoa,Désherbage manuel
Quinoa,Enrichissement en mycorhizes
Quinoa,Irrigation goutte à goutte
Millet,Irrigation goutte à goutte
Millet,Éclaircissage des plants
Millet,Désherbage manuel
Laitue,Utilisation de cultures couvre-sol
Laitue,Rotation des cultures
Blé tendre,Mulchage
Blé tendre,Application de biopesticides
Blé tendre,Enrichissement en mycorhizes
Pois chiche,Semis direct
Pois chiche,Enrichissement en mycorhizes
Amandier,Paillage
Amandier,Application de compost
Canistel,Utilisation de variétés résistantes
Canistel,Fertilisation au compost
Canistel,Inoculation bactérienne
Concombre,Utilisation de cultures couvre-sol
Concombre,Fertilisation au compost
Coco,Rotation des cultures
Coco,Technique D'engrais vert
Coco,Éclaircissage
Lentilles,Application de compost
Lentilles,Irrigation goutte à goutte
Manguier,Contrôle biologique des nuisibles
Manguier,Irrigation goutte à goutte
Manguier,Inoculation bactérienne
Baobab,Inoculation bactérienne
Baobab,Semis direct
Fraise,Fertilisation au compost
Fraise,Mulchage
Fraise,Traitement des semences
Fraise,Fertilisation foliaire
Fraise,Fertilisation foliaire
Fraise,Fertilisation foliaire
Poireaux,Désherbage manuel
Poireaux,Semis direct
Poireaux,Application de compost
Safran,Traitement des semences
Safran,Inoculation bactérienne
Baobab,Rotation des cultures
Baobab,Mulchage
Chou-fleur,Semis direct
Chou-fleur,Culture en serre
Chou-fleur,Rotation des cultures
Ananas,Mulchage
Ananas,Fertilisation au compost
Bambou,Utilisation de cultures couvre-sol
Bambou,Éclaircissage
Bambou,Paillage
Sarrasin,Semis direct
Sarrasin,Désherbage manuel
Lentilles,Mulchage
Lentilles,Rotation des cultures
Lentilles,Technique D'engrais vert
Aubergine,Désherbage manuel
Aubergine,Enrichissement en mycorhizes
Baobab,Technique D'engrais vert
Baobab,Paillage
Baobab,Désherbage manuel
Olives,Application de biopesticides
Olives,Application de compost
Olives,Utilisation de cultures couvre-sol
Canne à sucre,Paillage
Canne à sucre,Rotation des cultures
Muscade,Éclaircissage des plants
Muscade,Irrigation goutte à goutte
Muscade,Contrôle biologique des nuisibles
Trèfle,Fertilisation au compost
Trèfle,Fertilisation au compost
Banane plantain,Mulchage
Banane plantain,Application de biopesticides
Menthe,Éclaircissage des plants
Menthe,Fertilisation au compost
Palmier dattier,Mulchage
Palmier dattier,Éclaircissage
Palmier dattier,Contrôle biologique des nuisibles
Basilic,Enrichissement en mycorhizes
Basilic,Fertilisation foliaire
Basilic,Application de biopesticides
Seigle,Paillage
Seigle,Utilisation de variétés résistantes
Seigle,Inoculation bactérienne
Cerisier,Technique D'engrais vert
Cerisier,Semis direct
Nectarine,Application de compost
Nectarine,Irrigation goutte à goutte
Nectarine,Irrigation goutte à goutte
Menthe,Rotation des cultures
Menthe,Utilisation de variétés résistantes
Kumquat,Enrichissement en mycorhizes
Kumquat,Application de compost
Kumquat,Fertilisation foliaire
Arachide,Traitement des semences
Arachide,Contrôle biologique des nuisibles
Persil,Éclaircissage
Persil,Semis direct
Blé tendre,Utilisation de cultures couvre-sol
Blé tendre,Application de biopesticides
Basilic,Enrichissement en mycorhizes
Basilic,Paillage
Manguier,Application de biopesticides
Manguier,Paillage
Manguier,Utilisation de variétés résistantes
Bette à carde,Paillage
Bette à carde,Rotation des cultures
Bette à carde,Inoculation bactérienne
Pois chiche,Utilisation de variétés résistantes
Pois chiche,Fertilisation au compost
Pois chiche,Éclaircissage des plants
Laitue,Rotation des cultures
Laitue,Éclaircissage
Blé tendre,Mulchage
Blé tendre,Éclaircissage
Blé dur,Culture en serre
Blé dur,Rotation des cultures
Blé dur,Paillage
Sesame,Rotation des cultures
Sesame,Désherbage manuel
Arachide,Mulchage
Arachide,Technique D'engrais vert
Arachide,Paillage
Épinard,Irrigation goutte à goutte
Épinard,Semis direct
Épinard,Utilisation de cultures couvre-sol
Fèves,Culture en serre
Fèves,Application de biopesticides
Cacao,Application de biopesticides
Cacao,Application de biopesticides
Coco,Contrôle biologique des nuisibles
Coco,Utilisation de cultures couvre-sol
Avoine de printemps,Irrigation goutte à goutte
Avoine de printemps,Utilisation de variétés résistantes
Avoine de printemps,Fertilisation au compost
Avoine nue,Éclaircissage des plants
Avoine nue,Rotation des cultures
Avoine nue,Utilisation de cultures couvre-sol
Trèfle,Utilisation de variétés résistantes
Trèfle,Désherbage manuel
Trèfle,Enrichissement en mycorhizes
Kumquat,Éclaircissage des plants
Kumquat,Rotation des cultures
Kumquat,Application de compost
Kumquat,Enrichissement en mycorhizes
Kumquat,Technique D'engrais vert
Kumquat,Traitement des semences
Haricot mungo,Désherbage manuel
Haricot mungo,Culture en serre
Cacao,Semis direct
Cacao,Fertilisation au compost
Cacao,Éclaircissage des plants
Luzerne,Éclaircissage des plants
Luzerne,Culture en serre
Pommier,Application de biopesticides
Pommier,Utilisation de variétés résistantes
Pommier,Culture en serre
Fèves,Fertilisation foliaire
Fèves,Paillage
Pommes de terre,Enrichissement en mycorhizes
Pommes de terre,Application de biopesticides
Pommes de terre,Mulchage
Litchi,Utilisation de variétés résistantes
Litchi,Application de biopesticides
Coton,Désherbage manuel
Coton,Rotation des cultures
Coton,Utilisation de variétés résistantes
Noix de cajou,Éclaircissage
Noix de cajou,Éclaircissage
Noix de cajou,Éclaircissage des plants
Kiwi,Utilisation de variétés résistantes
Kiwi,Enrichissement en mycorhizes
Noyer,Paillage
Noyer,Contrôle biologique des nuisibles
Noyer,Application de biopesticides
Poivron rouge,Semis direct
Poivron rouge,Mulchage
Chou-fleur,Enrichissement en mycorhizes
Chou-fleur,Application de biopesticides
Chou-fleur,Désherbage manuel
Baies de goji,Fertilisation foliaire
Baies de goji,Enrichissement en mycorhizes
Baies de goji,Paillage
Trèfle,Mulchage
Trèfle,Fertilisation foliaire
Trèfle,Désherbage manuel
Pois,Éclaircissage des plants
Pois,Application de biopesticides
Thym,Mulchage
Thym,Application de compost
Anis étoilé,Fertilisation au compost
Anis étoilé,Utilisation de cultures couvre-sol
Kumquat,Rotation des cultures
Kumquat,Éclaircissage des plants
Kumquat,Désherbage manuel
Manguier,Utilisation de cultures couvre-sol
Manguier,Utilisation de variétés résistantes
Manguier,Inoculation bactérienne
Carottes,Désherbage manuel
Carottes,Semis direct
Aubergine,Semis direct
Aubergine,Paillage
Aubergine,Traitement des semences
Sorgho fourrager,Inoculation bactérienne
Sorgho fourrager,Contrôle biologique des nuisibles
Sorgho fourrager,Application de compost
Céleri,Enrichissement en mycorhizes
Céleri,Désherbage manuel
Ciboulette,Contrôle biologique des nuisibles
Ciboulette,Désherbage manuel
Manioc,Contrôle biologique des nuisibles
Manioc,Application de biopesticides
Manioc,Utilisation de variétés résistantes
Ail,Utilisation de cultures couvre-sol
Ail,Utilisation de cultures couvre-sol
Ail,Contrôle biologique des nuisibles
Seigle,Désherbage manuel
Seigle,Utilisation de cultures couvre-sol
Seigle,Traitement des semences
Sesame,Enrichissement en mycorhizes
Sesame,Inoculation bactérienne
Quinoa,Semis direct
Quinoa,Application de compost
Quinoa,Technique D'engrais vert
Manioc,Éclaircissage
Manioc,Contrôle biologique des nuisibles
Manioc,Semis direct
Nectarine,Application de biopesticides
Nectarine,Mulchage
Orge de printemps,Application de compost
Orge de printemps,Fertilisation foliaire
Orge de printemps,Éclaircissage
Blé dur,Application de biopesticides
Blé dur,Fertilisation au compost
Blé dur,Utilisation de cultures couvre-sol
Pommes de terre,Enrichissement en mycorhizes
Pommes de terre,Paillage
Brocoli,Fertilisation au compost
Brocoli,Contrôle biologique des nuisibles
Manguier,Fertilisation foliaire
Manguier,Utilisation de cultures couvre-sol
Trèfle,Désherbage manuel
Trèfle,Utilisation de cultures couvre-sol
Trèfle,Utilisation de variétés résistantes
Gingembre,Utilisation de variétés résistantes
Gingembre,Rotation des cultures
Persil,Utilisation de cultures couvre-sol
Persil,Éclaircissage
Sorgho fourrager,Fertilisation au compost
Sorgho fourrager,Contrôle biologique des nuisibles
Abricotier,Paillage
Abricotier,Traitement des semences
Lin oléagineux,Semis direct
Lin oléagineux,Inoculation bactérienne
Colza,Mulchage
Colza,Semis direct
Colza,Traitement des semences
Pistachier,Traitement des semences
Pistachier,Semis direct
Pistachier,Semis direct
Sorgho grain,Éclaircissage
Sorgho grain,Éclaircissage des plants
Sorgho grain,Mulchage
Tamarin,Fertilisation au compost
Tamarin,Éclaircissage des plants
Artichaut,Mulchage
Artichaut,Semis direct
Coton,Éclaircissage des plants
Coton,Fertilisation foliaire
Artichaut,Technique D'engrais vert
Artichaut,Paillage
Artichaut,Application de biopesticides
Coton,Désherbage manuel
Coton,Contrôle biologique des nuisibles
Bette à carde,Irrigation goutte à goutte
Bette à carde,Traitement des semences
Fèves,Utilisation de variétés résistantes
Fèves,Enrichissement en mycorhizes
Fèves,Mulchage
Épinard,Fertilisation au compost
Épinard,Fertilisation au compost
Bette à carde,Paillage
Bette à carde,Contrôle biologique des nuisibles
Bette à carde,Enrichissement en mycorhizes
Coton,Fertilisation foliaire
Coton,Rotation des cultures
Coton,Désherbage manuel
Sarrasin,Fertilisation foliaire
Sarrasin,Fertilisation au compost
Sarrasin,Irrigation goutte à goutte
Sesame,Technique D'engrais vert
Sesame,Application de biopesticides
Sesame,Éclaircissage
Palmier dattier,Enrichissement en mycorhizes
Palmier dattier,Semis direct
Palmier dattier,Fertilisation au compost
Artichaut,Fertilisation foliaire
Artichaut,Désherbage manuel
Chou rouge,Application de compost
Chou rouge,Éclaircissage
Chou rouge,Semis direct
Origan,Utilisation de cultures couvre-sol
Origan,Enrichissement en mycorhizes
Origan,Rotation des cultures
Pois,Application de compost
Pois,Utilisation de cultures couvre-sol
Poirier,Utilisation de variétés résistantes
Poirier,Application de biopesticides
Rhubarbe,Utilisation de variétés résistantes
Rhubarbe,Fertilisation au compost
Rhubarbe,Éclaircissage des plants
Mûre,Rotation des cultures
Mûre,Application de compost
Mûre,Fertilisation au compost
Melon d'eau,Semis direct
Melon d'eau,Irrigation goutte à goutte
Melon d'eau,Éclaircissage
Caféier,Irrigation goutte à goutte
Caféier,Rotation des cultures
Grenadier,Irrigation goutte à goutte
Grenadier,Traitement des semences
Grenadier,Application de compost
Radis,Paillage
Radis,Application de compost
Anis étoilé,Désherbage manuel
Anis étoilé,Paillage
Gingembre,Utilisation de cultures couvre-sol
Gingembre,Application de compost
Gingembre,Rotation des cultures
Maïs sucré,Fertilisation au compost
Maïs sucré,Désherbage manuel
Noix de cajou,Technique D'engrais vert
Noix de cajou,Fertilisation au compost
Noix de cajou,Paillage
Muscade,Technique D'engrais vert
Muscade,Paillage
Colza,Fertilisation au compost
Colza,Application de compost
Baobab,Désherbage manuel
Baobab,Éclaircissage
Baobab,Application de compost
Litchi,Éclaircissage
Litchi,Utilisation de cultures couvre-sol
Litchi,Application de compost
Fèves,Enrichissement en mycorhizes
Fèves,Culture en serre
Sorgho fourrager,Utilisation de variétés résistantes
Sorgho fourrager,Culture en serre
Kumquat,Application de biopesticides
Kumquat,Contrôle biologique des nuisibles
Palmier dattier,Paillage
Palmier dattier,Technique D'engrais vert
Palmier dattier,Semis direct
Colza,Semis direct
Colza,Utilisation de variétés résistantes
Colza,Utilisation de variétés résistantes
Jujubier,Éclaircissage
Jujubier,Semis direct
Mûre,Mulchage
Mûre,Mulchage
Mûre,Contrôle biologique des nuisibles
Bambou,Éclaircissage
Bambou,Enrichissement en mycorhizes
Caféier,Culture en serre
Caféier,Éclaircissage
Caféier,Application de biopesticides
Maïs sucré,Culture en serre
Maïs sucré,Enrichissement en mycorhizes
Camomille,Application de compost
Camomille,Désherbage manuel
Camomille,Désherbage manuel
Laitue,Fertilisation au compost
Laitue,Culture en serre
Laitue,Application de biopesticides
Champignon pleurote,Technique D'engrais vert
Champignon pleurote,Application de compost
Champignon pleurote,Application de biopesticides
Brocoli,Enrichissement en mycorhizes
Brocoli,Application de biopesticides
Brocoli,Application de compost
Radis,Irrigation goutte à goutte
Radis,Éclaircissage
Radis,Culture en serre
Curcuma,Enrichissement en mycorhizes
Curcuma,Mulchage
Millet,Éclaircissage
Millet,Inoculation bactérienne
Radis,Désherbage manuel
Radis,Culture en serre
Radis,Technique D'engrais vert
Seigle,Semis direct
Seigle,Culture en serre
Champignon pleurote,Mulchage
Champignon pleurote,Application de biopesticides
Champignon pleurote,Utilisation de cultures couvre-sol
Fèves,Application de biopesticides
Fèves,Semis direct
Origan,Traitement des semences
Origan,Éclaircissage
Origan,Fertilisation foliaire
Basilic,Contrôle biologique des nuisibles
Basilic,Désherbage manuel
Champignon shiitake,Fertilisation foliaire
Champignon shiitake,Éclaircissage
Chou frisé,Irrigation goutte à goutte
Chou frisé,Culture en serre
Betterave sucrière,Enrichissement en mycorhizes
Betterave sucrière,Enrichissement en mycorhizes
Betterave sucrière,Utilisation de cultures couvre-sol
Anis étoilé,Utilisation de cultures couvre-sol
Anis étoilé,Irrigation goutte à goutte
Anis étoilé,Rotation des cultures
Colza,Semis direct
Colza,Contrôle biologique des nuisibles
Soja,Contrôle biologique des nuisibles
Soja,Culture en serre
Soja,Mulchage
Rhubarbe,Désherbage manuel
Rhubarbe,Utilisation de variétés résistantes
Orge de printemps,Contrôle biologique des nuisibles
Orge de printemps,Technique D'engrais vert
Orge de printemps,Enrichissement en mycorhizes
Banane plantain,Technique D'engrais vert
Banane plantain,Irrigation goutte à goutte
Banane plantain,Fertilisation au compost
Litchi,Rotation des cultures
Litchi,Désherbage manuel
Litchi,Fertilisation foliaire
Riz paddy,Désherbage manuel
Riz paddy,Contrôle biologique des nuisibles
Riz paddy,Utilisation de variétés résistantes
Canneberge,Inoculation bactérienne
Canneberge,Éclaircissage des plants
Lentilles,Irrigation goutte à goutte
Lentilles,Enrichissement en mycorhizes
Sorgho grain,Irrigation goutte à goutte
Sorgho grain,Traitement des semences
Sorgho grain,Utilisation de variétés résistantes
Baies de goji,Rotation des cultures
Baies de goji,Éclaircissage
Baies de goji,Enrichissement en mycorhizes
Origan,Application de compost
Origan,Désherbage manuel
Papaye,Culture en serre
Papaye,Désherbage manuel
Avoine nue,Application de compost
Avoine nue,Technique D'engrais vert
Avoine nue,Application de biopesticides
Poirier,Utilisation de variétés résistantes
Poirier,Utilisation de variétés résistantes
Poirier,Éclaircissage
Riz paddy,Application de compost
Riz paddy,Traitement des semences
Cacao,Application de biopesticides
Cacao,Éclaircissage des plants
Avoine nue,Irrigation goutte à goutte
Avoine nue,Utilisation de variétés résistantes
Avoine nue,Enrichissement en mycorhizes
Melon d'eau,Technique D'engrais vert
Melon d'eau,Contrôle biologique des nuisibles
Melon d'eau,Utilisation de variétés résistantes
Radis,Semis direct
Radis,Semis direct
Muscade,Rotation des cultures
Muscade,Éclaircissage des plants
Colza,Application de biopesticides
Colza,Inoculation bactérienne
Colza,Fertilisation foliaire
Millet,Désherbage manuel
Millet,Irrigation goutte à goutte
Caféier,Fertilisation foliaire
Caféier,Fertilisation foliaire
Caféier,Rotation des cultures
Anis étoilé,Culture en serre
Anis étoilé,Utilisation de variétés résistantes
Laitue,Semis direct
Laitue,Culture en serre
Laitue,Fertilisation foliaire
Ananas,Utilisation de cultures couvre-sol
Ananas,Désherbage manuel
Ananas,Éclaircissage
Persil,Application de compost
Persil,Enrichissement en mycorhizes
Gingembre,Inoculation bactérienne
Gingembre,Fertilisation foliaire
Gingembre,Utilisation de variétés résistantes
Sorgho grain,Enrichissement en mycorhizes
Sorgho grain,Inoculation bactérienne
Canneberge,Contrôle biologique des nuisibles
Canneberge,Désherbage manuel
Mizuna,Contrôle biologique des nuisibles
Mizuna,Fertilisation foliaire
Manguier,Application de compost
Manguier,Fertilisation au compost
Sorgho fourrager,Application de biopesticides
Sorgho fourrager,Paillage
Sorgho fourrager,Semis direct
Luzerne,Fertilisation foliaire
Luzerne,Culture en serre
Luzerne,Culture en serre
Champignon pleurote,Culture en serre
Champignon pleurote,Rotation des cultures
Champignon pleurote,Rotation des cultures
Ail,Mulchage
Ail,Traitement des semences
Ail,Éclaircissage
Pois chiche,Fertilisation foliaire
Pois chiche,Fertilisation foliaire
Pois chiche,Contrôle biologique des nuisibles
Radis,Fertilisation au compost
Radis,Technique D'engrais vert
Blé tendre,Technique D'engrais vert
Blé tendre,Désherbage manuel
Blé tendre,Éclaircissage des plants
Poireaux,Technique D'engrais vert
Poireaux,Désherbage manuel
Poireaux,Utilisation de variétés résistantes
Radis,Culture en serre
Radis,Enrichissement en mycorhizes
Radis,Fertilisation foliaire
Brocoli,Semis direct
Brocoli,Inoculation bactérienne
Amandier,Semis direct
Amandier,Désherbage manuel
Myrtille,Application de compost
Myrtille,Mulchage
Ananas,Rotation des cultures
Ananas,Application de biopesticides
Millet,Mulchage
Millet,Application de biopesticides
Millet,Désherbage manuel
Vanille,Éclaircissage des plants
Vanille,Application de compost
Vanille,Éclaircissage
Baies de goji,Irrigation goutte à goutte
Baies de goji,Désherbage manuel
Baies de goji,Désherbage manuel
Chou-fleur,Application de biopesticides
Chou-fleur,Irrigation goutte à goutte
Canistel,Utilisation de cultures couvre-sol
Canistel,Utilisation de cultures couvre-sol
Bambou,Inoculation bactérienne
Bambou,Contrôle biologique des nuisibles
Vanille,Technique D'engrais vert
Vanille,Traitement des semences
Poivron rouge,Fertilisation foliaire
Poivron rouge,Fertilisation foliaire
Safran,Désherbage manuel
Safran,Fertilisation foliaire
Safran,Éclaircissage
Chou-fleur,Mulchage
Chou-fleur,Enrichissement en mycorhizes
Pistachier,Fertilisation foliaire
Pistachier,Utilisation de cultures couvre-sol
Aubergine,Éclaircissage
Aubergine,Paillage
Millet,Fertilisation foliaire
Millet,Technique D'engrais vert
Sesame,Éclaircissage
Sesame,Culture en serre
Sesame,Application de biopesticides
Papaye,Semis direct
Papaye,Technique D'engrais vert
Papaye,Semis direct
Bambou,Utilisation de variétés résistantes
Bambou,Semis direct
Bambou,Fertilisation au compost
Haricot mungo,Rotation des cultures
Haricot mungo,Application de compost
Haricot mungo,Culture en serre
Papyrus,Fertilisation au compost
Papyrus,Éclaircissage des plants
Théier,Désherbage manuel
Théier,Rotation des cultures
Bette à carde,Désherbage manuel
Bette à carde,Paillage
Bette à carde,Semis direct
Grenadier,Désherbage manuel
Grenadier,Paillage
Colza,Semis direct
Colza,Culture en serre
Colza,Fertilisation foliaire
Ananas,Culture en serre
Ananas,Contrôle biologique des nuisibles
Ananas,Inoculation bactérienne
Romarin,Enrichissement en mycorhizes
Romarin,Culture en serre
Romarin,Utilisation de cultures couvre-sol
Kumquat,Utilisation de cultures couvre-sol
Kumquat,Contrôle biologique des nuisibles
Poireaux,Application de compost
Poireaux,Fertilisation foliaire
Poireaux,Désherbage manuel
Sesame,Fertilisation au compost
Sesame,Fertilisation foliaire
Grenadier,Fertilisation au compost
Grenadier,Éclaircissage
Grenadier,Rotation des cultures
Framboise,Utilisation de variétés résistantes
Framboise,Fertilisation foliaire
Carottes,Enrichissement en mycorhizes
Carottes,Inoculation bactérienne
Carottes,Fertilisation au compost
Concombre,Semis direct
Concombre,Traitement des semences
Rhubarbe,Utilisation de variétés résistantes
Rhubarbe,Désherbage manuel
Betterave sucrière,Enrichissement en mycorhizes
Betterave sucrière,Traitement des semences
Thym,Application de compost
Thym,Éclaircissage
Blé dur,Utilisation de cultures couvre-sol
Blé dur,Inoculation bactérienne
Blé dur,Application de biopesticides
Blé tendre,Culture en serre
Blé tendre,Inoculation bactérienne
Blé tendre,Contrôle biologique des nuisibles
Lentilles,Paillage
Lentilles,Culture en serre
Lentilles,Mulchage
Vanille,Mulchage
Vanille,Désherbage manuel
Vanille,Inoculation bactérienne
Melon d'eau,Fertilisation foliaire
Melon d'eau,Culture en serre
Melon d'eau,Application de compost
Navet,Fertilisation foliaire
Navet,Enrichissement en mycorhizes
Navet,Application de biopesticides
Mizuna,Technique D'engrais vert
Mizuna,Éclaircissage des plants
Ail,Application de compost
Ail,Application de compost
Nectarine,Traitement des semences
Nectarine,Paillage
Canneberge,Application de compost
Canneberge,Technique D'engrais vert
Canneberge,Utilisation de cultures couvre-sol
Pistachier,Utilisation de variétés résistantes
Pistachier,Utilisation de variétés résistantes
Pistachier,Fertilisation foliaire
Aubergine,Inoculation bactérienne
Aubergine,Application de biopesticides
Aubergine,Contrôle biologique des nuisibles
Gingembre,Mulchage
Gingembre,Désherbage manuel
Framboise,Traitement des semences
Framboise,Éclaircissage
Champignon shiitake,Irrigation goutte à goutte
Champignon shiitake,Application de biopesticides
Mûre,Mulchage
Mûre,Application de compost
Mûre,Semis direct
Sarrasin,Utilisation de cultures couvre-sol
Sarrasin,Paillage
Safran,Paillage
Safran,Technique D'engrais vert
Grenadier,Technique D'engrais vert
Grenadier,Rotation des cultures
Figuier,Fertilisation foliaire
Figuier,Culture en serre
Canneberge,Désherbage manuel
Canneberge,Irrigation goutte à goutte
Pommes de terre,Contrôle biologique des nuisibles
Pommes de terre,Éclaircissage des plants
Pommes de terre,Traitement des semences
Seigle,Fertilisation au compost
Seigle,Fertilisation au compost
Seigle,Désherbage manuel
Camomille,Utilisation de variétés résistantes
Camomille,Désherbage manuel
Camomille,Utilisation de variétés résistantes
Rhubarbe,Rotation des cultures
Rhubarbe,Semis direct
Noisetier,Éclaircissage
Noisetier,Inoculation bactérienne
Anis étoilé,Culture en serre
Anis étoilé,Rotation des cultures
Anis étoilé,Contrôle biologique des nuisibles
Camomille,Irrigation goutte à goutte
Camomille,Désherbage manuel
Poireaux,Culture en serre
Poireaux,Enrichissement en mycorhizes
Poireaux,Technique D'engrais vert
Kumquat,Fertilisation foliaire
Kumquat,Fertilisation foliaire
Mizuna,Inoculation bactérienne
Mizuna,Traitement des semences
Mizuna,Mulchage
Papaye,Technique D'engrais vert
Papaye,Mulchage
Papaye,Désherbage manuel
Thym,Application de biopesticides
Thym,Fertilisation foliaire
Aubergine,Fertilisation foliaire
Aubergine,Irrigation goutte à goutte
Arbre à pain,Utilisation de cultures couvre-sol
Arbre à pain,Technique D'engrais vert
Cannelle,Rotation des cultures
Cannelle,Mulchage
Curcuma,Paillage
Curcuma,Fertilisation au compost
Curcuma,Inoculation bactérienne
Gingembre,Mulchage
Gingembre,Mulchage
Myrtille,Fertilisation au compost
Myrtille,Application de biopesticides
Myrtille,Fertilisation foliaire
Safran,Désherbage manuel
Safran,Éclaircissage
Amandier,Éclaircissage des plants
Amandier,Utilisation de cultures couvre-sol
Amandier,Culture en serre
Seigle,Éclaircissage
Seigle,Culture en serre
Avoine de printemps,Application de compost
Avoine de printemps,Irrigation goutte à goutte
Avoine de printemps,Désherbage manuel
Abricotier,Enrichissement en mycorhizes
Abricotier,Culture en serre
Abricotier,Désherbage manuel
Palmier dattier,Utilisation de cultures couvre-sol
Palmier dattier,Traitement des semences
Safran,Fertilisation au compost
Safran,Désherbage manuel
Papaye,Éclaircissage des plants
Papaye,Technique D'engrais vert
Basilic,Paillage
Basilic,Irrigation goutte à goutte
Basilic,Paillage
Lin oléagineux,Traitement des semences
Lin oléagineux,Utilisation de cultures couvre-sol
Lin oléagineux,Culture en serre
Lin oléagineux,Utilisation de cultures couvre-sol
Lin oléagineux,Application de biopesticides
Millet,Utilisation de cultures couvre-sol
Millet,Irrigation goutte à goutte
Vesce,Éclaircissage des plants
Vesce,Inoculation bactérienne
Noisetier,Utilisation de variétés résistantes
Noisetier,Irrigation goutte à goutte
Litchi,Éclaircissage
Litchi,Fertilisation foliaire
Litchi,Traitement des semences
Sesame,Application de compost
Sesame,Utilisation de variétés résistantes
Sesame,Enrichissement en mycorhizes
Colza oléagineux,Fertilisation au compost
Colza oléagineux,Fertilisation au compost
Orge de printemps,Éclaircissage des plants
Orge de printemps,Utilisation de cultures couvre-sol
Banane plantain,Paillage
Banane plantain,Mulchage
Blé tendre,Utilisation de cultures couvre-sol
Blé tendre,Technique D'engrais vert
Blé tendre,Technique D'engrais vert
Pak choï,Fertilisation au compost
Pak choï,Fertilisation foliaire
Pak choï,Paillage
Abricotier,Utilisation de cultures couvre-sol
Abricotier,Désherbage manuel
Abricotier,Application de compost
Pêcher,Application de biopesticides
Pêcher,Désherbage manuel
Pistachier,Culture en serre
Pistachier,Éclaircissage des plants
Myrtille,Fertilisation au compost
Myrtille,Contrôle biologique des nuisibles
Arachide,Culture en serre
Arachide,Utilisation de cultures couvre-sol
Arachide,Utilisation de cultures couvre-sol
Baobab,Éclaircissage des plants
Baobab,Traitement des semences
Théier,Enrichissement en mycorhizes
Théier,Désherbage manuel
Théier,Utilisation de cultures couvre-sol
Tournesol,Éclaircissage des plants
Tournesol,Traitement des semences
Laitue,Semis direct
Laitue,Fertilisation au compost
Sorgho fourrager,Enrichissement en mycorhizes
Sorgho fourrager,Technique D'engrais vert
Framboise,Inoculation bactérienne
Framboise,Paillage
Blé tendre,Inoculation bactérienne
Blé tendre,Inoculation bactérienne
Safran,Inoculation bactérienne
Safran,Éclaircissage
Safran,Culture en serre
Coco,Fertilisation foliaire
Coco,Inoculation bactérienne
Manguier,Application de biopesticides
Manguier,Mulchage
Manguier,Fertilisation au compost
Fraise,Traitement des semences
Fraise,Technique D'engrais vert
Menthe,Éclaircissage des plants
Menthe,Désherbage manuel
Menthe,Culture en serre
Riz paddy,Fertilisation foliaire
Riz paddy,Fertilisation foliaire
Baobab,Technique D'engrais vert
Baobab,Mulchage
Arachide,Éclaircissage
Arachide,Éclaircissage
Mûre,Contrôle biologique des nuisibles
Mûre,Paillage
Lin oléagineux,Culture en serre
Lin oléagineux,Mulchage
Lin oléagineux,Désherbage manuel
Olives,Paillage
Olives,Inoculation bactérienne
Olives,Inoculation bactérienne
Acacia,Enrichissement en mycorhizes
Acacia,Application de compost
Lentilles,Culture en serre
Lentilles,Application de biopesticides
Lentilles,Irrigation goutte à goutte
Concombre,Rotation des cultures
Concombre,Paillage
Concombre,Éclaircissage
Arbre à pain,Rotation des cultures
Arbre à pain,Utilisation de variétés résistantes
Sorgho grain,Fertilisation foliaire
Sorgho grain,Inoculation bactérienne
Sorgho grain,Utilisation de cultures couvre-sol
Nectarine,Inoculation bactérienne
Nectarine,Paillage
Nectarine,Irrigation goutte à goutte
Banane plantain,Éclaircissage
Banane plantain,Irrigation goutte à goutte
Artichaut,Fertilisation au compost
Artichaut,Éclaircissage
Cannelle,Traitement des semences
Cannelle,Application de biopesticides
Pak choï,Application de compost
Pak choï,Éclaircissage des plants
Ail,Inoculation bactérienne
Ail,Inoculation bactérienne
Ail,Application de compost
Cannelle,Traitement des semences
Cannelle,Semis direct
Cannelle,Inoculation bactérienne
Cerisier,Traitement des semences
Cerisier,Utilisation de cultures couvre-sol
Soja,Rotation des cultures
Soja,Enrichissement en mycorhizes
Camomille,Contrôle biologique des nuisibles
Camomille,Utilisation de variétés résistantes
Rhubarbe,Rotation des cultures
Rhubarbe,Utilisation de cultures couvre-sol
Rhubarbe,Irrigation goutte à goutte
Épinard,Irrigation goutte à goutte
Épinard,Désherbage manuel
Épinard,Semis direct
Champignon pleurote,Paillage
Champignon pleurote,Technique D'engrais vert
Champignon pleurote,Culture en serre
Châtaignier,Éclaircissage
Châtaignier,Fertilisation foliaire
Châtaignier,Traitement des semences
Poivron rouge,Paillage
Poivron rouge,Technique D'engrais vert
Noisetier,Utilisation de variétés résistantes
Noisetier,Utilisation de variétés résistantes
Vanille,Utilisation de variétés résistantes
Vanille,Mulchage
Vanille,Rotation des cultures
Colza oléagineux,Contrôle biologique des nuisibles
Colza oléagineux,Fertilisation foliaire
Canne à sucre,Fertilisation au compost
Canne à sucre,Culture en serre
Litchi,Mulchage
Litchi,Désherbage manuel
Litchi,Inoculation bactérienne
Framboise,Désherbage manuel
Framboise,Désherbage manuel
Framboise,Fertilisation au compost
Sesame,Fertilisation au compost
Sesame,Rotation des cultures
Caféier,Traitement des semences
Caféier,Rotation des cultures
Figuier,Application de biopesticides
Figuier,Paillage
Figuier,Irrigation goutte à goutte
Pommes de terre,Inoculation bactérienne
Pommes de terre,Désherbage manuel
Pommes de terre,Paillage
Brocoli,Utilisation de variétés résistantes
Brocoli,Enrichissement en mycorhizes
Brocoli,Contrôle biologique des nuisibles
Romarin,Éclaircissage des plants
Romarin,Inoculation bactérienne
Romarin,Fertilisation foliaire
Persil,Utilisation de variétés résistantes
Persil,Inoculation bactérienne
Persil,Mulchage
Persil,Fertilisation au compost
Persil,Éclaircissage
Persil,Culture en serre
Persil,Application de biopesticides
Persil,Enrichissement en mycorhizes
Avoine nue,Désherbage manuel
Avoine nue,Enrichissement en mycorhizes
Jujubier,Culture en serre
Jujubier,Mulchage
Jujubier,Rotation des cultures
Arbre à pain,Inoculation bactérienne
Arbre à pain,Irrigation goutte à goutte
Arbre à pain,Rotation des cultures
Mizuna,Application de compost
Mizuna,Utilisation de cultures couvre-sol
Baies de goji,Application de biopesticides
Baies de goji,Éclaircissage des plants
Bambou,Désherbage manuel
Bambou,Utilisation de cultures couvre-sol
Muscade,Mulchage
Muscade,Contrôle biologique des nuisibles
Lupin,Technique D'engrais vert
Lupin,Culture en serre
Lupin,Désherbage manuel
Pois,Utilisation de cultures couvre-sol
Pois,Application de compost
Mûre,Inoculation bactérienne
Mûre,Semis direct
Mûre,Application de compost
Champignon shiitake,Irrigation goutte à goutte
Champignon shiitake,Irrigation goutte à goutte
Champignon shiitake,Utilisation de variétés résistantes
Soja,Éclaircissage
Soja,Application de compost
Pommier,Désherbage manuel
Pommier,Semis direct
Pommier,Désherbage manuel
Origan,Éclaircissage des plants
Origan,Fertilisation au compost
Origan,Fertilisation au compost
Épinard,Fertilisation au compost
Épinard,Désherbage manuel
Épinard,Utilisation de cultures couvre-sol
Grenadier,Mulchage
Grenadier,Inoculation bactérienne
Navet,Fertilisation au compost
Navet,Inoculation bactérienne
Carottes,Fertilisation foliaire
Carottes,Désherbage manuel
Fraise,Désherbage manuel
Fraise,Rotation des cultures
Fraise,Désherbage manuel
Sorgho grain,Fertilisation au compost
Sorgho grain,Technique D'engrais vert
Mûre,Rotation des cultures
Mûre,Mulchage
Lin oléagineux,Utilisation de cultures couvre-sol
Lin oléagineux,Utilisation de variétés résistantes
Lin oléagineux,Contrôle biologique des nuisibles
Brocoli,Rotation des cultures
Brocoli,Culture en serre
Nectarine,Éclaircissage
Nectarine,Éclaircissage
Nectarine,Éclaircissage des plants
Menthe,Application de biopesticides
Menthe,Désherbage manuel
Menthe,Rotation des cultures
Fèves,Rotation des cultures
Fèves,Fertilisation foliaire
Myrtille,Enrichissement en mycorhizes
Myrtille,Rotation des cultures
Châtaignier,Application de compost
Châtaignier,Désherbage manuel
Navet,Irrigation goutte à goutte
Navet,Mulchage
Navet,Paillage
Poivron rouge,Fertilisation au compost
Poivron rouge,Culture en serre
Poivron rouge,Utilisation de cultures couvre-sol
Coton,Traitement des semences
Coton,Application de biopesticides
Coton,Utilisation de cultures couvre-sol
Baies de goji,Application de compost
Baies de goji,Inoculation bactérienne
Figuier,Utilisation de variétés résistantes
Figuier,Semis direct
Acacia,Inoculation bactérienne
Acacia,Éclaircissage
Acacia,Contrôle biologique des nuisibles
Mûre,Désherbage manuel
Mûre,Enrichissement en mycorhizes
Romarin,Mulchage
Romarin,Culture en serre
Camomille,Fertilisation foliaire
Camomille,Technique D'engrais vert
Laitue,Mulchage
Laitue,Fertilisation au compost
Ail,Contrôle biologique des nuisibles
Ail,Application de biopesticides
Palmier dattier,Mulchage
Palmier dattier,Fertilisation foliaire
Palmier dattier,Inoculation bactérienne
Cacao,Technique D'engrais vert
Cacao,Fertilisation au compost
Pak choï,Technique D'engrais vert
Pak choï,Utilisation de variétés résistantes
Pak choï,Fertilisation au compost
Gingembre,Mulchage
Gingembre,Désherbage manuel
Gingembre,Enrichissement en mycorhizes
Sorgho grain,Utilisation de variétés résistantes
Sorgho grain,Semis direct
Sorgho grain,Irrigation goutte à goutte
Céleri,Irrigation goutte à goutte
Céleri,Technique D'engrais vert
Céleri,Utilisation de variétés résistantes
Fraise,Fertilisation foliaire
Fraise,Paillage
Poireaux,Culture en serre
Poireaux,Désherbage manuel
Poireaux,Utilisation de variétés résistantes
Laitue,Enrichissement en mycorhizes
Laitue,Fertilisation au compost
Navet,Rotation des cultures
Navet,Utilisation de cultures couvre-sol
Navet,Désherbage manuel
Ciboulette,Culture en serre
Ciboulette,Éclaircissage
Ciboulette,Technique D'engrais vert
Aubergine,Éclaircissage
Aubergine,Fertilisation foliaire
Laitue,Application de compost
Laitue,Irrigation goutte à goutte
Laitue,Éclaircissage des plants
Mûre,Irrigation goutte à goutte
Mûre,Désherbage manuel
Mûre,Semis direct
Fèves,Application de biopesticides
Fèves,Mulchage
Fèves,Fertilisation foliaire
Radis,Utilisation de cultures couvre-sol
Radis,Éclaircissage
Radis,Application de biopesticides
Aubergine,Inoculation bactérienne
Aubergine,Désherbage manuel
Aubergine,Irrigation goutte à goutte
Théier,Désherbage manuel
Théier,Désherbage manuel
Noix de cajou,Inoculation bactérienne
Noix de cajou,Application de biopesticides
Sesame,Désherbage manuel
Sesame,Mulchage
Sesame,Enrichissement en mycorhizes
Arbre à pain,Technique D'engrais vert
Arbre à pain,Éclaircissage
Seigle,Éclaircissage
Seigle,Utilisation de variétés résistantes
Seigle,Désherbage manuel
Théier,Fertilisation au compost
Théier,Application de compost
Théier,Irrigation goutte à goutte
Théier,Mulchage
Navet,Paillage
Navet,Technique D'engrais vert
Sesame,Mulchage
Sesame,Utilisation de cultures couvre-sol
Colza oléagineux,Utilisation de variétés résistantes
Colza oléagineux,Éclaircissage des plants
Pommes de terre,Traitement des semences
Pommes de terre,Traitement des semences
Pommes de terre,Paillage
Champignon pleurote,Éclaircissage
Champignon pleurote,Application de biopesticides
Blé dur,Fertilisation au compost
Blé dur,Irrigation goutte à goutte
Blé dur,Rotation des cultures
Ciboulette,Application de compost
Ciboulette,Utilisation de variétés résistantes
Radis,Éclaircissage
Radis,Désherbage manuel
Radis,Contrôle biologique des nuisibles
Fraise,Irrigation goutte à goutte
Fraise,Paillage
Fraise,Désherbage manuel
Fraise,Désherbage manuel
Fraise,Application de biopesticides
Rhubarbe,Éclaircissage
Rhubarbe,Culture en serre
Rhubarbe,Traitement des semences
Menthe,Technique D'engrais vert
Menthe,Semis direct
Bette à carde,Irrigation goutte à goutte
Bette à carde,Culture en serre
Bette à carde,Application de biopesticides
Mûre,Semis direct
Mûre,Technique D'engrais vert
Papyrus,Inoculation bactérienne
Papyrus,Paillage
Papyrus,Rotation des cultures
Bambou,Éclaircissage
Bambou,Éclaircissage
Bambou,Semis direct
Rhubarbe,Culture en serre
Rhubarbe,Éclaircissage des plants
Rhubarbe,Désherbage manuel
Bambou,Utilisation de variétés résistantes
Bambou,Application de biopesticides
Bambou,Inoculation bactérienne
Tamarin,Utilisation de cultures couvre-sol
Tamarin,Paillage
Champignon shiitake,Application de biopesticides
Champignon shiitake,Utilisation de variétés résistantes
Champignon shiitake,Application de compost
Pois chiche,Utilisation de cultures couvre-sol
Pois chiche,Désherbage manuel
Colza,Désherbage manuel
Colza,Utilisation de variétés résistantes
Colza,Utilisation de cultures couvre-sol
Kumquat,Paillage
Kumquat,Irrigation goutte à goutte
Noisetier,Irrigation goutte à goutte
Noisetier,Inoculation bactérienne
Framboise,Inoculation bactérienne
Framboise,Contrôle biologique des nuisibles
Framboise,Technique D'engrais vert
Lin oléagineux,Désherbage manuel
Lin oléagineux,Fertilisation foliaire
Lin oléagineux,Contrôle biologique des nuisibles
Fèves,Irrigation goutte à goutte
Fèves,Semis direct
Fèves,Fertilisation foliaire
Vesce,Éclaircissage
Vesce,Irrigation goutte à goutte
Camomille,Culture en serre
Camomille,Application de biopesticides
Ciboulette,Utilisation de variétés résistantes
Ciboulette,Rotation des cultures
Courgettes,Technique D'engrais vert
Courgettes,Application de compost
Noix de cajou,Paillage
Noix de cajou,Paillage
Noix de cajou,Éclaircissage
Noix de cajou,Traitement des semences
Noix de cajou,Utilisation de variétés résistantes
Noix de cajou,Inoculation bactérienne
Chou cavalier,Désherbage manuel
Chou cavalier,Culture en serre
Laitue,Mulchage
Laitue,Rotation des cultures
Nectarine,Mulchage
Nectarine,Culture en serre
Nectarine,Désherbage manuel
Quinoa,Enrichissement en mycorhizes
Quinoa,Contrôle biologique des nuisibles
Quinoa,Désherbage manuel
Coton,Désherbage manuel
Coton,Application de biopesticides
Manguier,Éclaircissage des plants
Manguier,Irrigation goutte à goutte
Piment vert,Semis direct
Piment vert,Enrichissement en mycorhizes
Piment vert,Application de biopesticides
Acacia,Éclaircissage
Acacia,Désherbage manuel
