id,nom_ressource,type_ressource,quantite,unite_mesure,Usage Frequency,Saison,"surface_couvré"
100,Semences de haricot vert,semences,100.72,Acre,daily,summer,387 m²
101,Semences de millet,engrais,82.73,Acre,daily,summer,664 m²
102,Semences de blé tendre,semences,357.98,Gramme,daily,spring,130 m²
103,Compost à base de déchets verts,semences,231.03,Acre,weekly,summer,639 m²
104,Engrais de couverture pour sols,semences,523.54,Millilitre,daily,spring,643 m²
105,Système d’irrigation par aspersion,eau,702.69,Hectare,daily,summer,502 m²
106,Graines de pois chiche,eau,381.67,Kilogramme,monthly,summer,990 m²
107,Graines de kiwi,engrais,427.21,Tonnes,monthly,fall,678 m²
108,Pesticide à base de fongus entomopathogène,carburant,417.58,Kilogramme,daily,spring,101 m²
109,Kit de goutte à goutte portable,semences,507.83,Tonnes,daily,spring,633 m²
110,Eau de pluie filtrée,engrais,374.28,Kilogramme,,spring,672 m²
111,Système de filtrage d'eau,engrais,566.74,Gramme,daily,summer,859 m²
112,Engrais azoté NPK 20-20-20,carburant,454.82,Acre,daily,summer,388 m²
113,Insecticide à base de lambda-cyhalothrine,semences,438.56,Mètre cube,daily,summer,500 m²
114,Semences de carotte,carburant,159.97,Gramme,weekly,spring,781 m²
115,Débroussailleuse à essence,carburant,903.66,Litre,monthly,summer,720 m²
116,Substrat pour culture hydroponique,carburant,934.68,Millilitre,weekly,winter,343 m²
117,Bois de chauffage,carburant,188.75,Acre,,winter,510 m²
118,Semences de millet,engrais,583.51,Hectare,weekly,spring,145 m²
119,Pesticide à base de formaldéhyde,semences,97.17,Millilitre,weekly,fall,111 m²
120,Engrais organique à base de compost,engrais,765.55,Acre,daily,fall,583 m²
121,Réservoir d'eau potable,eau,650.42,Mètre cube,daily,spring,177 m²
122,Herbicide à base d'acide acétique,carburant,617.45,Hectare,weekly,winter,510 m²
123,Engrais à base de lactosérum,engrais,514.32,Kilogramme,weekly,winter,914 m²
124,Eau de source pour agriculture,carburant,75.89,Hectare,daily,summer,740 m²
125,Culture d’algues pour compost,eau,818.5,Gramme,weekly,spring,319 m²
126,Engrais enrichi en fer,semences,662.86,Millilitre,monthly,spring,748 m²
127,Engrais minéral à base de soufre,engrais,867.97,Kilogramme,,winter,720 m²
128,Paille de blé pour paillage,carburant,688.44,Hectare,monthly,summer,328 m²
129,Écorces pour paillis,semences,642.8,Acre,monthly,fall,605 m²
130,Semences de carvi,engrais,678.75,Millilitre,weekly,fall,150 m²
131,Solution nutritive hydroponique,eau,531.47,Acre,weekly,summer,639 m²
132,Semences de millet,eau,533.91,Tonnes,daily,winter,489 m²
133,Épices pour agriculture bio,eau,200.28,Gramme,daily,winter,890 m²
134,Herbicide à base d'acide acétique,engrais,290.19,Kilogramme,weekly,spring,590 m²
135,Écorces pour paillis,carburant,794.34,Millilitre,monthly,summer,192 m²
136,Bassin de stockage d'eau,carburant,450.89,Litre,,winter,388 m²
137,Fertilisant biologique à base d’algues,carburant,525.05,Gramme,,summer,762 m²
138,Pesticide à base de thiaclopride,engrais,299.86,Millilitre,weekly,summer,751 m²
139,Semences de soja,carburant,46.74,Gramme,weekly,summer,275 m²
140,Cendres de bois comme amendement,semences,954.65,Litre,,summer,472 m²
141,Semences de melon,carburant,454.17,Hectare,daily,summer,343 m²
142,Outils de jardinage manuels,semences,161.84,Kilogramme,daily,winter,924 m²
143,Graines de colza,carburant,313.65,Hectare,weekly,fall,649 m²
144,Insecticide à base de spinosad,carburant,187.92,Acre,weekly,winter,848 m²
145,Semences de sauge,engrais,635.48,Gramme,monthly,fall,509 m²
146,Carburant à base d'huile usagée,carburant,873.86,Kilogramme,weekly,summer,273 m²
147,Énergie solaire pour pompes,semences,477.71,Litre,,fall,737 m²
148,Épices pour agriculture bio,semences,198.63,Hectare,monthly,fall,385 m²
149,Terreau de qualité supérieure,eau,326.26,Hectare,monthly,fall,358 m²
150,Désherbant systémique non toxique,eau,10.38,Mètre cube,daily,summer,758 m²
151,Semences de romarin,eau,231.89,Hectare,monthly,spring,130 m²
152,Pesticide à base d'extraits de plantes,eau,265.44,Kilogramme,weekly,fall,605 m²
153,Kit de goutte à goutte portable,carburant,443.67,Kilogramme,,summer,428 m²
154,Culture d’algues pour compost,carburant,954.77,Millilitre,weekly,spring,
155,Système de filtration pour irrigation,carburant,357.39,Hectare,daily,summer,142 m²
156,Sable pour drainage,engrais,259.2,Tonnes,monthly,spring,579 m²
157,Carburant à base d'huile usagée,carburant,462.31,Hectare,monthly,fall,100 m²
158,Eau purifiée pour irrigation goutte-à-goutte,carburant,698.87,Kilogramme,daily,fall,904 m²
159,Fongicide à base de cuivre,engrais,277.54,Kilogramme,monthly,summer,145 m²
160,Semences de chou-fleur,engrais,686.31,Kilogramme,daily,summer,410 m²
161,Bois pour construction de serres,eau,947.48,Kilogramme,weekly,spring,803 m²
162,Semences de chou-fleur,carburant,28.13,Mètre cube,,fall,489 m²
163,Carburant biodiesel,carburant,116.49,Hectare,,spring,355 m²
164,Désherbant systémique non toxique,carburant,831.1,Acre,,fall,810 m²
165,Électricité solaire pour pompe,semences,382.84,Mètre cube,monthly,spring,671 m²
166,Terreau de qualité supérieure,semences,928.66,Mètre cube,daily,spring,215 m²
167,Graines de cerise,semences,672.64,Gramme,,winter,544 m²
168,Engrais liquide à base de poisson,semences,729.49,Mètre cube,monthly,fall,672 m²
169,Graines de betterave sucrière,carburant,291.67,Litre,,winter,801 m²
170,Essence pour tondeuse à gazon,semences,213,Litre,daily,summer,699 m²
171,Insecticide naturel à base de savon,engrais,250.21,Tonnes,,winter,678 m²
172,Semences de laitue romaine,semences,747.95,Millilitre,daily,spring,451 m²
173,Engrais pour pelouse et jardins,semences,612.1,Gramme,monthly,spring,904 m²
174,Engrais à libération rapide,engrais,747.99,Kilogramme,daily,winter,778 m²
175,Pesticide à base d'extraits de plantes,engrais,319.87,Acre,,summer,355 m²
176,Engrais en granulés,eau,480.46,Acre,weekly,winter,319 m²
177,Semences de brocoli,engrais,52.59,Acre,,spring,841 m²
178,Engrais à base de lactosérum,engrais,814.71,Tonnes,weekly,summer,612 m²
179,Semences de brocoli,semences,368.69,Millilitre,weekly,fall,786 m²
180,Équipement de protection individuelle,eau,171.38,Hectare,daily,fall,510 m²
181,Kit de micro-irrigation automatisée,carburant,103.22,Acre,weekly,fall,605 m²
182,Semences de piment,carburant,342.76,Hectare,daily,spring,142 m²
183,Semences de fenouil,semences,472.09,Mètre cube,monthly,spring,938 m²
184,Engrais à libération lente,semences,144.96,Millilitre,weekly,summer,428 m²
185,Matériel de jardinage à main,carburant,519.57,Tonnes,weekly,spring,579 m²
186,Semences de carotte,engrais,938.98,Mètre cube,monthly,summer,355 m²
187,Graines de tournesol bio,eau,716.53,Kilogramme,,fall,538 m²
188,Graines de cerise,semences,780.85,Mètre cube,monthly,spring,475 m²
189,Engrais pour fleurs annuelles,carburant,108.52,Kilogramme,weekly,spring,740 m²
190,Biopesticide à base de neem,semences,14.62,Gramme,daily,spring,355 m²
191,Engrais organique à base de trèfle,carburant,44.3,Hectare,monthly,winter,721 m²
192,Carburant biodiesel,eau,566.59,Mètre cube,monthly,summer,980 m²
193,Cactus comme plante d'intérieur,semences,858.84,Tonnes,,summer,583 m²
194,Paille de blé pour paillage,carburant,527.38,Mètre cube,daily,spring,219 m²
195,Graines de fruits exotiques,carburant,355.47,Hectare,,spring,875 m²
196,Semences de framboise,semences,212.61,Mètre cube,,winter,782 m²
197,Semences de thym,carburant,230.89,Litre,daily,summer,990 m²
198,Semences de coriandre,semences,56.96,Millilitre,monthly,summer,387 m²
199,Graines de poivron,semences,423.1,Tonnes,,summer,145 m²
200,Engrais minéral à base de soufre,engrais,52.69,Tonnes,daily,winter,890 m²
201,Semences de concombre,eau,562.32,Kilogramme,weekly,spring,970 m²
202,Kit de micro-irrigation automatisée,eau,768.18,Millilitre,daily,spring,244 m²
203,Équipement de désherbage manuel,eau,739.19,Litre,monthly,spring,782 m²
204,Fongicide au soufre micronisé,eau,182.65,Tonnes,,summer,295 m²
205,Semoir automatique de précision,eau,780.49,Acre,daily,spring,145 m²
206,Graines de pois chiche,engrais,572.33,Kilogramme,,summer,922 m²
207,Semences de brocoli,carburant,194.34,Litre,monthly,fall,786 m²
208,Engrais à base de sang séché,semences,287.42,Litre,daily,fall,639 m²
209,Système d'irrigation par aspersion,carburant,990.51,Kilogramme,daily,fall,934 m²
210,Système de récolte à la main,eau,502.92,Tonnes,,spring,801 m²
211,Herbicide à base de pelargonium,eau,591.79,Gramme,daily,fall,922 m²
212,Herbicide à base de pelargonium,engrais,892.44,Tonnes,,winter,716 m²
213,Engrais en granulés,eau,12.51,Hectare,daily,spring,295 m²
214,Carburant à base de biomasse,engrais,897.1,Millilitre,monthly,fall,385 m²
215,Compost à base de déchets verts,eau,997.39,Mètre cube,,summer,804 m²
216,Kit de micro-irrigation automatisée,eau,883.07,Hectare,,summer,1000 m²
217,Fongicide à base de cuivre,eau,581.37,Tonnes,monthly,winter,476 m²
218,Gravier pour drainage,engrais,93.18,Acre,,summer,201 m²
219,Culture d’algues pour compost,carburant,216.48,Tonnes,weekly,summer,574 m²
220,Semences de fenouil,eau,37.86,Hectare,,winter,839 m²
221,Filet de protection anti-insectes,eau,815.63,Gramme,,fall,699 m²
222,Engrais organique à base de compost,semences,522.05,Mètre cube,monthly,winter,859 m²
223,Graines de basilic,eau,330.74,Tonnes,weekly,spring,698 m²
224,Énergie éolienne pour ferme,engrais,1.63,Kilogramme,weekly,spring,583 m²
225,Semences de quinoa,carburant,592.29,Millilitre,daily,winter,455 m²
226,Engrais phosphoré pour tubercules,semences,534.76,Gramme,monthly,spring,801 m²
227,Hydrogène pour stockage d'énergie,eau,309.49,Millilitre,weekly,winter,519 m²
228,Pesticide à base d'extraits de plantes,engrais,955.88,Kilogramme,,winter,192 m²
229,Semoir automatique de précision,engrais,485.72,Gramme,monthly,summer,234 m²
230,Tracteur compact polyvalent,eau,180,Gramme,,fall,358 m²
231,Électricité solaire pour pompe,engrais,410.08,Hectare,daily,spring,475 m²
232,Semoir automatique de précision,engrais,945.65,Mètre cube,daily,fall,328 m²
233,Engrais organique à base de trèfle,semences,772.22,Gramme,monthly,winter,194 m²
234,Engrais phosphoré pour tubercules,carburant,73.68,Kilogramme,,summer,201 m²
235,Pesticide à base d'huile de citronnelle,eau,263,Mètre cube,,spring,347 m²
236,Engrais liquide pour légumes,engrais,763.01,Gramme,daily,winter,387 m²
237,Semences de brocoli,engrais,34.11,Gramme,,fall,678 m²
238,Engrais à base de fumier de cheval,semences,875.6,Gramme,,fall,905 m²
239,Engrais pour fruits et légumes,carburant,499.39,Litre,weekly,summer,158 m²
240,Engrais en poudre,carburant,428,Litre,weekly,summer,859 m²
241,Carburant à base d'huile usagée,semences,423.43,Tonnes,monthly,fall,500 m²
242,Pesticide à base de bicarbonate de soude,semences,531.38,Mètre cube,monthly,summer,142 m²
243,Engrais à base de farine de sang,carburant,174.67,Millilitre,monthly,winter,210 m²
244,Semences de riz basmati,engrais,100.63,Gramme,daily,fall,721 m²
245,Engrais pour orchidées,engrais,606.81,Tonnes,,fall,201 m²
246,Engrais bio pour plantes d'intérieur,engrais,18.55,Kilogramme,daily,fall,158 m²
247,Engrais minéral complexe,carburant,993.87,Tonnes,daily,fall,500 m²
248,Graines de tomate cerise,carburant,466.03,Kilogramme,,fall,489 m²
249,Semences de laitue romaine,semences,654.87,Acre,,summer,423 m²
250,Semences de millet,semences,960.57,Litre,monthly,summer,455 m²
251,Graines de kiwi,semences,643.62,Millilitre,weekly,winter,340 m²
252,Graines de betterave sucrière,engrais,223.31,Hectare,,fall,924 m²
253,Réservoir d'eau potable,carburant,102.77,Hectare,,fall,290 m²
254,Outils de jardinage manuels,carburant,841.44,Tonnes,weekly,winter,460 m²
255,Biocarburant à base de colza,semences,720.72,Litre,weekly,fall,643 m²
256,Pompe d’irrigation solaire,eau,954.45,Litre,weekly,fall,926 m²
257,Semences de riz basmati,eau,921.05,Tonnes,,fall,841 m²
258,Pesticide à base de formaldéhyde,semences,415.45,Tonnes,daily,fall,801 m²
259,Semences de quinoa,carburant,341.79,Millilitre,daily,winter,457 m²
260,Bois de chauffage,semences,554.69,Gramme,,winter,269 m²
261,Engrais à base de fumier de cheval,carburant,982.69,Hectare,,spring,922 m²
262,Engrais en granulés,semences,693.67,Hectare,daily,winter,938 m²
263,Graines de poivron,eau,322.78,Tonnes,monthly,fall,219 m²
264,Pesticide à base de bicarbonate de soude,eau,764.41,Kilogramme,monthly,winter,273 m²
265,Kit de micro-irrigation automatisée,engrais,557.89,Kilogramme,monthly,summer,612 m²
266,Tuyaux d'irrigation en PVC,engrais,982.46,Kilogramme,weekly,fall,222 m²
267,Engrais organique à base de compost,engrais,594.6,Hectare,,winter,240 m²
268,Semences de laitue romaine,eau,279.11,Millilitre,daily,summer,678 m²
269,Outils de jardinage manuels,semences,413.86,Gramme,daily,fall,664 m²
270,Graines de kiwi,semences,218.24,Hectare,daily,summer,369 m²
271,Semences de romarin,engrais,3.48,Hectare,daily,summer,328 m²
272,Engrais à base de guano,semences,341.47,Millilitre,daily,fall,406 m²
273,Engrais organique à base de trèfle,eau,379.34,Mètre cube,monthly,summer,897 m²
274,Semences de soja,eau,133.04,Hectare,daily,summer,721 m²
275,Fongicide à base de fludioxonil,engrais,322.86,Litre,weekly,winter,319 m²
276,Semences de groseille,engrais,367.32,Mètre cube,,spring,698 m²
277,Solution nutritive hydroponique,eau,132.63,Gramme,monthly,fall,481 m²
278,Engrais enrichi en fer,semences,339.52,Gramme,,summer,127 m²
279,Engrais pour plantes d'intérieur,carburant,133.65,Gramme,monthly,summer,313 m²
280,Essence pour tondeuse à gazon,eau,383.2,Tonnes,,spring,313 m²
281,Kit d'irrigation pour potager,eau,212.23,Millilitre,,summer,295 m²
282,Semences d'amande,engrais,329.59,Hectare,monthly,winter,210 m²
283,Engrais foliaire au magnésium,eau,921.5,Litre,monthly,fall,938 m²
284,Pulvérisateur électrique 15L,semences,425.17,Kilogramme,,spring,836 m²
285,Système de serre modulable,eau,436.69,Acre,,summer,875 m²
286,Semences de coriandre,semences,330.09,Tonnes,monthly,spring,476 m²
287,Graines de pastèque,engrais,240.82,Tonnes,daily,fall,510 m²
288,Fongicide à base de fludioxonil,eau,134.1,Tonnes,weekly,fall,431 m²
289,Pesticide à base d'huile de citronnelle,engrais,634.38,Acre,monthly,summer,952 m²
290,Fongicide à base de benomyl,semences,883.13,Litre,monthly,spring,578 m²
291,Semences de carvi,eau,247.52,Hectare,monthly,fall,455 m²
292,Semences de carvi,semences,81.46,Mètre cube,daily,fall,678 m²
293,Charbon pour chaudière,semences,970.65,Kilogramme,weekly,winter,614 m²
294,Carburant à base de biomasse,carburant,544.06,Litre,daily,spring,130 m²
295,Pesticide à base de thiaclopride,engrais,182.62,Gramme,daily,winter,328 m²
296,Bassin de stockage d'eau,carburant,196.38,Millilitre,weekly,fall,990 m²
297,Bois pour construction de serres,semences,872.18,Tonnes,daily,fall,475 m²
298,Engrais à base de fumier de cheval,carburant,839.5,Kilogramme,weekly,winter,120 m²
299,Semences de quinoa,eau,896.33,Tonnes,,winter,810 m²
300,Matériel de jardinage à main,semences,770.04,Litre,weekly,spring,619 m²
301,Engrais à libération lente,eau,774.64,Mètre cube,daily,summer,762 m²
302,Gaz propane pour chauffages,engrais,407.91,Acre,daily,spring,578 m²
303,Substrat pour culture hydroponique,semences,192.17,Kilogramme,monthly,winter,210 m²
304,Semoir automatique de précision,engrais,799.81,Millilitre,weekly,fall,318 m²
305,Insecticide à base de chlorpyrifos,eau,520.88,Mètre cube,weekly,winter,954 m²
306,Graines de pois chiche,carburant,628.49,Acre,,winter,782 m²
307,Semences de quinoa,engrais,179.63,Hectare,monthly,spring,410 m²
308,Herbicide à base de metolachlore,eau,337.41,Mètre cube,,fall,532 m²
309,Système de filtrage d'eau,engrais,389.12,Tonnes,monthly,summer,619 m²
310,Système d’irrigation par aspersion,eau,283.83,Millilitre,,summer,699 m²
311,Bassin de stockage d'eau,engrais,251.44,Acre,weekly,fall,678 m²
312,Semences de soja,eau,494.18,Litre,,winter,729 m²
313,Pesticide à base de pyriproxyfène,eau,920.08,Mètre cube,monthly,spring,172 m²
314,Engrais de couverture pour sols,carburant,257.38,Tonnes,,summer,194 m²
315,Engrais pour arbres fruitiers,carburant,614.95,Millilitre,monthly,spring,234 m²
316,Herbicide à base de pelargonium,eau,893.07,Gramme,,spring,422 m²
317,Semences de millet,semences,191.33,Kilogramme,,winter,319 m²
318,Engrais organique à base de trèfle,carburant,361.08,Litre,,fall,839 m²
319,Fongicide à base de mancozèbe,semences,783.64,Litre,,fall,590 m²
320,Eau de pluie filtrée,carburant,661.01,Gramme,weekly,winter,358 m²
321,Pesticide à base de thiaclopride,carburant,805.53,Litre,daily,summer,177 m²
322,Semences d'amande,semences,184.99,Mètre cube,monthly,winter,457 m²
323,Biopesticide à base de saponines,eau,909.81,Millilitre,monthly,summer,926 m²
324,Engrais à base de fumier de cheval,engrais,548.62,Millilitre,daily,fall,590 m²
325,Semences de groseille,engrais,829.75,Mètre cube,,winter,491 m²
326,Engrais pour arbres fruitiers,semences,495.05,Hectare,weekly,spring,210 m²
327,Matériel de jardinage à main,semences,747.19,Kilogramme,daily,spring,574 m²
328,Matériel de jardinage à main,carburant,155.47,Litre,weekly,winter,219 m²
329,Écorces pour paillis,carburant,974.88,Tonnes,,spring,319 m²
330,Herbicide à base de pelargonium,eau,355.44,Acre,,summer,328 m²
331,Pesticide à base de bicarbonate de soude,carburant,954.17,Acre,weekly,fall,519 m²
332,Insecticide biologique à base de pyréthre,carburant,645.57,Gramme,,winter,455 m²
333,Carburant diesel pour machines agricoles,semences,892.25,Kilogramme,weekly,summer,361 m²
334,Pesticide à base de baccillus thuringiensis,carburant,508.14,Acre,weekly,spring,120 m²
335,Fongicide à base de tébuconazole,eau,566.19,Millilitre,,fall,210 m²
336,Engrais organique à base de trèfle,carburant,276.01,Acre,,spring,604 m²
337,Biocarburant à base de colza,semences,711.98,Litre,monthly,winter,577 m²
338,Carburant à base d'huile usagée,semences,624.15,Millilitre,,winter,639 m²
339,Insecticide biologique à base de pyréthre,carburant,534.4,Mètre cube,daily,winter,737 m²
340,Engrais à base de guano,semences,839.77,Millilitre,daily,fall,145 m²
341,Engrais azoté NPK 20-20-20,engrais,875.4,Tonnes,monthly,fall,222 m²
342,Matériel de jardinage à main,semences,234.13,Tonnes,,fall,544 m²
343,Semences de sésame,carburant,243.19,Kilogramme,monthly,winter,766 m²
344,Gaz de ville pour équipements,carburant,471.86,Kilogramme,weekly,summer,199 m²
345,Semences d'amande,carburant,235.28,Tonnes,monthly,winter,460 m²
346,Pesticide à base de baccillus thuringiensis,engrais,495.91,Hectare,,fall,574 m²
347,Cendres de bois comme amendement,carburant,855.19,Tonnes,,winter,201 m²
348,Engrais liquide pour légumes,eau,583.25,Litre,,spring,619 m²
349,Engrais foliaire au magnésium,eau,670.95,Litre,daily,spring,578 m²
350,Semences de courgette,eau,254.79,Gramme,weekly,winter,158 m²
351,Pulvérisateur électrique 15L,eau,521.98,Mètre cube,weekly,spring,232 m²
352,Éthanol à base de maïs,semences,103.79,Mètre cube,weekly,fall,476 m²
353,Engrais à base de sang séché,eau,158.99,Litre,daily,winter,130 m²
354,Ensileuse pour récoltes fourragères,semences,702.71,Tonnes,daily,spring,175 m²
355,Kit d'irrigation pour potager,carburant,605.66,Millilitre,daily,fall,519 m²
356,Pompe d’irrigation solaire,engrais,661.17,Tonnes,weekly,summer,538 m²
357,Engrais liquide à base de poisson,carburant,677.33,Hectare,,fall,215 m²
358,Gaz naturel pour tracteurs,carburant,32.76,Mètre cube,daily,summer,914 m²
359,Insecticide à base de abamectine,carburant,80.51,Hectare,monthly,spring,544 m²
360,Système de compostage domestique,engrais,71.58,Litre,,fall,345 m²
361,Charrue à verser,engrais,37.34,Tonnes,monthly,summer,711 m²
362,Engrais pour fleurs annuelles,carburant,745.4,Gramme,daily,summer,476 m²
363,Charbon pour chaudière,semences,357.74,Acre,weekly,spring,812 m²
364,Engrais à base de sulfate de potassium,eau,451.09,Mètre cube,daily,spring,737 m²
365,Graines de céleri,engrais,489.65,Gramme,daily,fall,766 m²
366,Graines de tournesol bio,engrais,24.57,Tonnes,monthly,winter,319 m²
367,Engrais minéral à base de soufre,semences,259.87,Hectare,monthly,spring,716 m²
368,Insecticide naturel à base de savon,semences,692.26,Hectare,weekly,spring,841 m²
369,Engrais enrichi en oligo-éléments,carburant,860.48,Millilitre,daily,summer,476 m²
370,Engrais naturel à base de farine d’os,engrais,167.72,Hectare,weekly,winter,720 m²
371,Énergie éolienne pour ferme,semences,969.43,Hectare,monthly,fall,804 m²
372,Engrais organique à base de compost,eau,806.44,Kilogramme,weekly,winter,970 m²
373,Gaz propane pour chauffages,carburant,78.32,Acre,monthly,spring,604 m²
374,Graines de tournesol bio,eau,945.54,Millilitre,weekly,summer,422 m²
375,Engrais azoté NPK 20-20-20,carburant,613.49,Hectare,monthly,summer,319 m²
376,Semences de romarin,semences,433.69,Hectare,weekly,spring,886 m²
377,Engrais liquide à base de poisson,carburant,318.98,Hectare,weekly,fall,909 m²
378,Graines de colza,engrais,993.97,Acre,weekly,summer,803 m²
379,Carburant biodiesel,carburant,719.01,Millilitre,,summer,938 m²
380,Matériel de jardinage à main,eau,644.7,Gramme,weekly,fall,870 m²
381,Semences de soja,eau,477.73,Millilitre,weekly,summer,146 m²
382,Fongicide biologique pour fraisiers,semences,474.34,Gramme,daily,spring,388 m²
383,Fongicide à base de captane,carburant,277.25,Mètre cube,,winter,502 m²
384,Kit de goutte à goutte portable,engrais,962.88,Millilitre,monthly,winter,990 m²
385,Hydrogène pour stockage d'énergie,carburant,764.05,Hectare,,fall,136 m²
386,Graines de colza,eau,866.55,Tonnes,,winter,574 m²
387,Fongicide au soufre micronisé,carburant,525.13,Gramme,,fall,406 m²
388,Eau de pluie pour cultures,engrais,306.63,Tonnes,monthly,spring,720 m²
389,Engrais de couverture pour sols,semences,485.01,Tonnes,weekly,fall,693 m²
390,Kit de micro-irrigation automatisée,eau,941.61,Kilogramme,,winter,184 m²
391,Graines de menthe,semences,117.92,Litre,daily,spring,759 m²
392,Kit de micro-irrigation automatisée,carburant,680.6,Acre,weekly,fall,612 m²
393,Semences de millet,carburant,520.66,Acre,daily,spring,395 m²
394,Semences de brocoli,semences,243.96,Millilitre,,fall,286 m²
395,Semences d’aubergine,carburant,169.49,Kilogramme,daily,winter,693 m²
396,Insecticide à base de chlorpyrifos,engrais,370.83,Kilogramme,daily,spring,886 m²
397,Système d’irrigation par aspersion,engrais,8.23,Tonnes,,summer,671 m²
398,Insecticide à base de lambda-cyhalothrine,semences,161.99,Hectare,weekly,spring,374 m²
399,Graines de pois chiche,semences,73.55,Tonnes,daily,spring,100 m²
400,Écorces pour paillis,eau,570.3,Mètre cube,daily,spring,897 m²
401,Graines de betterave sucrière,engrais,652.72,Hectare,monthly,summer,201 m²
402,Semences de brocoli,engrais,121.58,Hectare,,spring,347 m²
403,Semences de thym,semences,856.62,Litre,,summer,199 m²
404,Énergie éolienne pour ferme,carburant,222.17,Hectare,monthly,winter,460 m²
405,Tracteur compact polyvalent,carburant,279.01,Mètre cube,monthly,winter,199 m²
406,Filet de protection anti-insectes,eau,203.64,Mètre cube,daily,fall,111 m²
407,Semences de concombre,eau,696.63,Mètre cube,monthly,winter,120 m²
408,Charbon pour chaudière,semences,958.65,Hectare,,winter,672 m²
409,Pesticide à base de thiaméthoxame,eau,998.16,Kilogramme,,spring,937 m²
410,Paille de blé pour paillage,carburant,351.01,Mètre cube,weekly,summer,145 m²
411,Semences de blé tendre,carburant,891.69,Hectare,monthly,fall,219 m²
412,Fongicide à base de fludioxonil,semences,302.25,Litre,,summer,431 m²
413,Fongicide à base de benomyl,carburant,708.36,Gramme,monthly,fall,358 m²
414,Engrais à base de lactosérum,engrais,927.14,Tonnes,daily,fall,177 m²
415,Engrais organique à base de compost,semences,700.85,Kilogramme,,summer,990 m²
416,Graines de basilic,carburant,930.54,Litre,weekly,summer,766 m²
417,Épices pour agriculture bio,engrais,680.43,Hectare,weekly,spring,952 m²
418,Semences de laitue romaine,engrais,899.93,Millilitre,daily,fall,477 m²
419,Pesticide à base d'huile de citronnelle,engrais,284.77,Tonnes,weekly,fall,215 m²
420,Semences de radis,carburant,100.07,Millilitre,weekly,fall,582 m²
421,Semences de chou-fleur,eau,605.67,Acre,weekly,summer,716 m²
422,Engrais pour fruits et légumes,eau,691,Kilogramme,,fall,870 m²
423,Fongicide à base de mancozèbe,semences,544.43,Gramme,weekly,summer,160 m²
424,Insecticide à base de chlorpyrifos,carburant,582.61,Hectare,monthly,winter,390 m²
425,Engrais minéral complexe,engrais,677.71,Kilogramme,monthly,winter,328 m²
426,Semences de maïs hybride,carburant,267.05,Millilitre,daily,winter,847 m²
427,Carburant biodiesel,engrais,96.79,Tonnes,daily,winter,476 m²
428,Semences de melon,eau,239.89,Millilitre,,spring,683 m²
429,Pesticide à base de thiaméthoxame,eau,181.3,Millilitre,daily,winter,836 m²
430,Cactus comme plante d'intérieur,semences,490.81,Kilogramme,monthly,fall,475 m²
431,Désherbant systémique non toxique,semences,819.27,Millilitre,weekly,winter,508 m²
432,Engrais pour plantes d'intérieur,eau,328.97,Litre,,summer,875 m²
433,Biocarburant à base de déchets,eau,474.15,Tonnes,,spring,683 m²
434,Graines de pastèque,carburant,785.61,Gramme,monthly,fall,319 m²
435,Substrat pour culture hydroponique,carburant,394.05,Millilitre,daily,summer,905 m²
436,Graines de colza,engrais,638.04,Millilitre,monthly,fall,952 m²
437,Compost à base de déchets verts,semences,642.75,Hectare,,fall,544 m²
438,Engrais pour orchidées,semences,402.67,Acre,weekly,summer,451 m²
439,Système de serre modulable,carburant,409.56,Kilogramme,weekly,summer,604 m²
440,Désherbant systémique non toxique,carburant,911.79,Kilogramme,monthly,spring,343 m²
441,Engrais minéral à base de soufre,carburant,893.14,Hectare,daily,winter,269 m²
442,Engrais potassique soluble,semences,545.78,Acre,,winter,580 m²
443,Système d’irrigation en goutte à goutte,eau,296.11,Hectare,weekly,winter,201 m²
444,Graines de pois chiche,semences,758.19,Acre,,winter,905 m²
445,Gaz propane pour chauffages,semences,701.18,Kilogramme,monthly,spring,604 m²
446,Pesticide à base d'extraits de plantes,engrais,900.86,Millilitre,,winter,355 m²
447,Système d’irrigation par aspersion,eau,958.25,Kilogramme,daily,winter,556 m²
448,Engrais en poudre,eau,545.58,Acre,monthly,spring,897 m²
449,Engrais naturel à base de farine d’os,engrais,461.89,Hectare,weekly,summer,120 m²
450,Kit d'irrigation pour potager,semences,541.12,Kilogramme,,summer,678 m²
451,Charrue à deux socs,carburant,1.84,Millilitre,weekly,spring,583 m²
452,Terre noire pour plantation,eau,376.39,Millilitre,,winter,319 m²
453,Engrais phosphoré pour tubercules,engrais,365.64,Litre,daily,summer,146 m²
454,Carburant à base d'huile usagée,carburant,231.08,Tonnes,monthly,summer,431 m²
455,Engrais à base de lactosérum,semences,485.33,Gramme,daily,winter,297 m²
456,Engrais à base de vinaigre,engrais,101.34,Tonnes,daily,summer,501 m²
457,Réducteur de pression pour irrigation,semences,238.44,Acre,daily,spring,627 m²
458,Graines de cerise,eau,621.06,Gramme,monthly,winter,859 m²
459,Semences d’aubergine,semences,451.83,Acre,daily,summer,781 m²
460,Insecticide à base de méthomyl,eau,4.6,Gramme,weekly,winter,683 m²
461,Solution nutritive hydroponique,semences,343.99,Mètre cube,daily,spring,328 m²
462,Engrais azoté NPK 20-20-20,carburant,949.93,Acre,daily,fall,859 m²
463,Carburant à base de biomasse,engrais,679.08,Acre,weekly,winter,990 m²
464,Semences de sauge,carburant,403.3,Gramme,,fall,881 m²
465,Engrais liquide pour légumes,eau,316.89,Mètre cube,daily,spring,172 m²
466,Réservoir d'eau potable,engrais,364.74,Litre,monthly,winter,146 m²
467,Fongicide au soufre micronisé,engrais,259.77,Kilogramme,weekly,spring,210 m²
468,Engrais naturel à base de farine d’os,semences,314.79,Hectare,weekly,summer,737 m²
469,Engrais liquide à base de poisson,engrais,324.02,Gramme,monthly,spring,184 m²
470,Tuyaux d'irrigation en PVC,semences,720.22,Kilogramme,,summer,406 m²
471,Engrais minéral complexe,carburant,27.52,Millilitre,daily,spring,455 m²
472,Pesticide à base d'huile de citronnelle,semences,62.58,Kilogramme,weekly,winter,812 m²
473,Semences de sésame,carburant,555.95,Hectare,monthly,spring,431 m²
474,Engrais pour pelouse et jardins,engrais,198.44,Tonnes,daily,summer,385 m²
475,Semences de coriandre,semences,899.96,Kilogramme,daily,fall,146 m²
476,Pesticide à base de pyriproxyfène,eau,714.29,Kilogramme,daily,summer,313 m²
477,Fongicide au soufre micronisé,semences,24.59,Hectare,weekly,spring,881 m²
478,Engrais à base de lactosérum,engrais,540.27,Kilogramme,weekly,summer,859 m²
479,Biocarburant à base de colza,carburant,279.78,Acre,daily,spring,210 m²
480,Réservoir d’eau de pluie 1000L,engrais,27.33,Gramme,monthly,spring,475 m²
481,Carburant à base de biomasse,eau,735.58,Millilitre,daily,fall,395 m²
482,Kit de goutte à goutte portable,carburant,36.96,Litre,monthly,summer,886 m²
483,Gravier pour drainage,eau,8.38,Hectare,weekly,spring,646 m²
484,Graines de cerise,engrais,28.2,Litre,daily,winter,234 m²
485,Insecticide à base de abamectine,carburant,16.76,Hectare,weekly,summer,546 m²
486,Engrais potassique soluble,engrais,209,Tonnes,,winter,156 m²
487,Insecticide à base de méthomyl,engrais,746.94,Litre,weekly,fall,201 m²
488,Compost à base de déchets verts,eau,75.59,Gramme,,winter,100 m²
489,Propane pour réchaud,eau,578.54,Acre,daily,summer,290 m²
490,Fongicide au soufre micronisé,semences,975.52,Tonnes,,winter,412 m²
491,Pesticide à base de formaldéhyde,eau,177.75,Litre,daily,spring,905 m²
492,Carburant à base d'huile usagée,semences,632.36,Tonnes,,winter,716 m²
493,Semences de piment,carburant,1000.01,Gramme,monthly,summer,387 m²
494,Paillis organique pour jardin,semences,351.95,Hectare,,fall,614 m²
495,Éthanol à base de maïs,engrais,267.96,Litre,,spring,792 m²
496,Graines de kiwi,carburant,499.05,Millilitre,daily,summer,158 m²
497,Insecticide à base de imidaclopride,engrais,828.82,Kilogramme,daily,winter,841 m²
498,Engrais foliaire au magnésium,engrais,28.38,Litre,monthly,spring,127 m²
499,Graines de menthe,semences,448.36,Kilogramme,weekly,spring,858 m²
500,Insecticide à base de diatomée,carburant,532.73,Litre,monthly,winter,580 m²
501,Engrais pour orchidées,eau,170.68,Mètre cube,weekly,fall,841 m²
502,Fongicide à base de captane,eau,796.22,Litre,,spring,748 m²
503,Engrais pour plantes d'intérieur,carburant,353.01,Kilogramme,,fall,145 m²
504,Engrais phosphoré pour tubercules,eau,790.18,Hectare,weekly,summer,199 m²
505,Kit de goutte à goutte portable,carburant,469.53,Hectare,daily,winter,699 m²
506,Système d'irrigation par aspersion,semences,939.03,Tonnes,,winter,491 m²
507,Insecticide à base de imidaclopride,semences,809.9,Kilogramme,,spring,934 m²
508,Pesticide à base de baccillus thuringiensis,semences,322.19,Millilitre,,spring,145 m²
509,Insecticide à base de chlorpyrifos,carburant,331.73,Millilitre,daily,spring,508 m²
510,Kit de micro-irrigation automatisée,eau,900.74,Hectare,weekly,winter,477 m²
511,Engrais à base de fumier de cheval,carburant,563.7,Hectare,weekly,summer,422 m²
512,Fongicide biologique pour fraisiers,eau,935.54,Hectare,weekly,fall,295 m²
513,Engrais riche en calcium,engrais,117.77,Millilitre,weekly,fall,914 m²
514,Eau purifiée pour irrigation goutte-à-goutte,semences,646.95,Mètre cube,,winter,509 m²
515,Gaz de ville pour équipements,semences,580.74,Gramme,monthly,summer,500 m²
516,Gazole pour engins de chantier,carburant,965.34,Mètre cube,weekly,spring,782 m²
517,Paillis organique pour jardin,eau,360.07,Hectare,daily,winter,388 m²
518,Engrais à base de fumier de cheval,semences,704.38,Gramme,weekly,winter,158 m²
519,Gaz de ville pour équipements,carburant,719.04,Hectare,daily,summer,762 m²
520,Insecticide à base de chlorpyrifos,engrais,670.72,Gramme,daily,winter,275 m²
521,Semences de laitue romaine,engrais,432.42,Kilogramme,daily,fall,786 m²
522,Engrais enrichi en fer,eau,872.09,Kilogramme,,spring,600 m²
523,Équipement de protection individuelle,semences,410.18,Gramme,,spring,914 m²
524,Culture d’algues pour compost,semences,226.38,Tonnes,daily,spring,810 m²
525,Graines de fruits exotiques,carburant,653.86,Litre,daily,winter,355 m²
526,Système de filtration pour irrigation,engrais,623.97,Acre,daily,fall,694 m²
527,Semences de laitue romaine,eau,683.03,Gramme,,winter,858 m²
528,Engrais en poudre,engrais,970.15,Millilitre,,fall,841 m²
529,Graines de pastèque,carburant,954.87,Kilogramme,,spring,952 m²
530,Insecticide biologique à base de pyréthre,semences,761.13,Kilogramme,,fall,699 m²
531,Pesticide à base de thiaméthoxame,carburant,828.37,Gramme,,fall,476 m²
532,Semences de concombre,semences,2.83,Tonnes,monthly,winter,699 m²
533,Fongicide à base de propiconazole,carburant,278.51,Litre,weekly,fall,693 m²
534,Engrais pour orchidées,eau,866.63,Hectare,daily,summer,926 m²
535,Insecticide à base de abamectine,carburant,456.58,Mètre cube,weekly,fall,926 m²
536,Semences de coriandre,eau,929.31,Tonnes,daily,summer,578 m²
537,Propane pour réchaud,eau,168.29,Millilitre,monthly,summer,175 m²
538,Semences de gingembre,engrais,869.08,Kilogramme,,summer,504 m²
539,Fongicide à base de cuivre,carburant,589.2,Mètre cube,,winter,574 m²
540,Système d’irrigation par aspersion,eau,503.69,Hectare,daily,fall,460 m²
541,Kit d'irrigation pour potager,carburant,31.02,Mètre cube,,fall,318 m²
542,Électricité solaire pour pompe,engrais,42.05,Acre,monthly,fall,579 m²
543,Terre noire pour plantation,engrais,563.06,Mètre cube,monthly,spring,721 m²
544,Électricité solaire pour pompe,carburant,555.26,Litre,daily,spring,711 m²
545,Graines de tomate cerise,carburant,569.42,Mètre cube,weekly,spring,803 m²
546,Système de filtrage d'eau,semences,506.12,Tonnes,daily,fall,460 m²
547,Pesticide à base de thiaclopride,semences,899.07,Acre,weekly,fall,460 m²
548,Gravier pour drainage,semences,858.93,Kilogramme,,spring,247 m²
549,Semences d'amande,carburant,788.42,Kilogramme,,spring,355 m²
550,Semences de courgette,eau,406.06,Litre,daily,spring,142 m²
551,Biopesticide à base de neem,carburant,432.51,Hectare,,winter,313 m²
552,Semences d’aubergine,eau,206.22,Hectare,,winter,871 m²
553,Réservoir d'eau enterré,engrais,183.93,Kilogramme,weekly,spring,781 m²
554,Engrais universel pour toutes cultures,semences,238.84,Mètre cube,monthly,winter,395 m²
555,Herbicide à base d'acide acétique,eau,95.02,Mètre cube,weekly,summer,890 m²
556,Semences de sauge,semences,960.68,Mètre cube,,fall,504 m²
557,Paillis organique pour jardin,semences,31.54,Kilogramme,,fall,509 m²
558,Graines de poivron,carburant,696.39,Hectare,,summer,804 m²
559,Engrais universel pour toutes cultures,semences,955.05,Mètre cube,daily,fall,577 m²
560,Pesticide à base de fongus entomopathogène,semences,53.19,Kilogramme,,summer,295 m²
561,Semences de fenouil,eau,748.26,Kilogramme,monthly,spring,970 m²
562,Fongicide à base de benomyl,carburant,956.31,Kilogramme,,winter,619 m²
563,Insecticide à base de abamectine,eau,7.67,Gramme,daily,summer,712 m²
564,Équipement de protection individuelle,semences,639.54,Millilitre,monthly,summer,721 m²
565,Cactus comme plante d'intérieur,eau,254.12,Litre,daily,spring,142 m²
566,Engrais à base de lactosérum,engrais,709.53,Acre,monthly,spring,532 m²
567,Semences de gingembre,engrais,440.94,Acre,,winter,232 m²
568,Engrais pour fruits et légumes,engrais,962.03,Gramme,weekly,summer,858 m²
569,Système d’irrigation par aspersion,eau,280.03,Acre,monthly,summer,275 m²
570,Fongicide à base de cuivre,eau,548.81,Hectare,,winter,751 m²
571,Kit d'irrigation pour potager,engrais,487.5,Mètre cube,daily,spring,782 m²
572,Fongicide à base de mancozèbe,engrais,298.18,Tonnes,,winter,455 m²
573,Insecticide à base de pyréthrines,carburant,301.99,Gramme,daily,winter,457 m²
574,Semences de groseille,engrais,451.34,Hectare,monthly,summer,847 m²
575,Eau purifiée pour irrigation goutte-à-goutte,semences,436.27,Gramme,,winter,510 m²
576,Pulvérisateur électrique 15L,eau,813.93,Kilogramme,,spring,897 m²
577,Semences de riz basmati,semences,581.5,Gramme,weekly,spring,209 m²
578,Semences de concombre,eau,463.85,Mètre cube,daily,winter,501 m²
579,Réservoir d'eau potable,eau,874.84,Hectare,monthly,spring,247 m²
580,Réservoir d'eau enterré,carburant,937.74,Gramme,,fall,240 m²
581,Fongicide au soufre micronisé,eau,305.84,Litre,weekly,summer,574 m²
582,Solution nutritive hydroponique,engrais,303.54,Mètre cube,,fall,778 m²
583,Engrais potassique soluble,eau,992.27,Hectare,monthly,winter,578 m²
584,Insecticide à base de imidaclopride,semences,832.28,Litre,monthly,winter,922 m²
585,Pulvérisateur électrique 15L,carburant,432.09,Millilitre,monthly,spring,487 m²
586,Engrais à base de sulfate de potassium,engrais,761.28,Litre,,winter,500 m²
587,Pesticide à base de azadirachtine,eau,720.45,Kilogramme,daily,summer,649 m²
588,Engrais pour pelouse et jardins,engrais,765,Kilogramme,weekly,fall,355 m²
589,Gazole pour engins de chantier,carburant,499.88,Hectare,daily,fall,865 m²
590,Système d'irrigation goutte à goutte,semences,607.72,Acre,weekly,spring,848 m²
591,Débroussailleuse à essence,semences,774.8,Litre,daily,fall,732 m²
592,Moissonneuse-batteuse pour blé,carburant,313.87,Hectare,,winter,751 m²
593,Cendres de bois comme amendement,eau,847.8,Hectare,weekly,fall,487 m²
594,Carburant diesel pour machines agricoles,eau,300.47,Kilogramme,weekly,fall,476 m²
595,Engrais à base de compost de vers,carburant,330.16,Tonnes,monthly,fall,721 m²
596,Énergie solaire pour pompes,engrais,607.16,Tonnes,,summer,156 m²
597,Carburant à base de biomasse,engrais,865.31,Tonnes,monthly,winter,614 m²
598,Engrais à base de sulfate de potassium,semences,599.35,Litre,monthly,fall,457 m²
599,Engrais organique à base de trèfle,eau,63.33,Mètre cube,,summer,500 m²
600,Éthanol à base de maïs,engrais,977.54,Litre,weekly,spring,671 m²
601,Semences de gingembre,eau,19.78,Mètre cube,weekly,summer,627 m²
602,Engrais riche en calcium,eau,38.6,Gramme,,spring,886 m²
603,Semences de framboise,carburant,946.17,Tonnes,weekly,fall,721 m²
604,Semences d’aubergine,carburant,522.7,Gramme,daily,fall,712 m²
605,Moissonneuse-batteuse pour blé,carburant,748.25,Millilitre,daily,winter,926 m²
606,Semences d'amande,semences,162.24,Mètre cube,daily,summer,500 m²
607,Engrais à libération rapide,semences,920.1,Hectare,monthly,spring,244 m²
608,Graines de pastèque,carburant,972.16,Kilogramme,monthly,spring,954 m²
609,Engrais à base de farine de sang,engrais,991.64,Hectare,,winter,875 m²
610,Système de filtration pour irrigation,semences,163.33,Mètre cube,monthly,fall,487 m²
611,Semences de soja,carburant,562,Gramme,daily,fall,319 m²
612,Propane pour réchaud,engrais,608.78,Hectare,weekly,summer,578 m²
613,Système d’irrigation en goutte à goutte,carburant,918.18,Litre,monthly,summer,937 m²
614,Semences d'amande,carburant,905.27,Mètre cube,weekly,spring,130 m²
615,Énergie éolienne pour ferme,eau,970.52,Acre,,winter,778 m²
616,Carburant à base de biomasse,eau,862.88,Kilogramme,weekly,summer,361 m²
617,Équipement de désherbage manuel,semences,11.21,Hectare,weekly,spring,890 m²
618,Eau de pluie pour cultures,eau,656.09,Kilogramme,weekly,winter,897 m²
619,Semences d’aubergine,semences,935,Mètre cube,weekly,summer,489 m²
620,Charbon pour chaudière,semences,280.63,Acre,weekly,summer,451 m²
621,Équipement de désherbage manuel,eau,692.86,Kilogramme,weekly,spring,922 m²
622,Système de serre modulable,carburant,482.8,Millilitre,weekly,summer,172 m²
623,Pesticide à base de bicarbonate de soude,semences,9.09,Litre,daily,winter,432 m²
624,Insecticide à base de imidaclopride,eau,912.04,Litre,daily,spring,502 m²
625,Engrais à base de compost de vers,eau,969.07,Mètre cube,weekly,fall,778 m²
626,Charbon pour chaudière,carburant,139.94,Litre,weekly,winter,175 m²
627,Culture d’algues pour compost,semences,844.81,Millilitre,monthly,winter,886 m²
628,Biocarburant à base de colza,eau,570.88,Mètre cube,monthly,winter,926 m²
629,Herbicide à base de metolachlore,engrais,776.24,Tonnes,weekly,spring,612 m²
630,Pesticide à base de thiaméthoxame,eau,638.72,Kilogramme,weekly,fall,345 m²
631,Pesticide à base de baccillus thuringiensis,eau,712.73,Hectare,daily,fall,177 m²
632,Engrais azoté NPK 20-20-20,engrais,966.56,Litre,monthly,winter,244 m²
633,Tracteur électrique,carburant,933.47,Tonnes,daily,summer,755 m²
634,Fongicide biologique pour fraisiers,carburant,72.11,Mètre cube,monthly,summer,952 m²
635,Semences de haricot vert,eau,971.58,Litre,daily,spring,556 m²
636,Eau de source pour agriculture,eau,808.27,Acre,monthly,fall,678 m²
637,Engrais pour orchidées,carburant,405.71,Acre,,winter,579 m²
638,Sable pour drainage,carburant,246.96,Gramme,weekly,winter,909 m²
639,Sable pour drainage,semences,736.39,Tonnes,daily,spring,299 m²
640,Énergie solaire pour pompes,engrais,25.42,Kilogramme,daily,summer,914 m²
641,Biocarburant à base de colza,engrais,67.09,Gramme,daily,winter,582 m²
642,Semences de chou-fleur,eau,159.05,Mètre cube,,fall,810 m²
643,Semences de laitue romaine,semences,683.7,Hectare,weekly,fall,847 m²
644,Insecticide à base de méthomyl,carburant,350.63,Hectare,weekly,summer,504 m²
645,Pompe d’irrigation solaire,semences,635.59,Hectare,weekly,spring,244 m²
646,Insecticide à base de lambda-cyhalothrine,semences,730.57,Hectare,daily,spring,890 m²
647,Insecticide biologique à base de pyréthre,engrais,703.4,Litre,monthly,summer,275 m²
648,Insecticide à base de diatomée,engrais,491.93,Tonnes,monthly,spring,904 m²
649,Insecticide à base de diatomée,carburant,554.49,Hectare,,spring,100 m²
650,Filet de protection anti-insectes,carburant,757.26,Mètre cube,daily,winter,729 m²
651,Kit de goutte à goutte portable,engrais,50.2,Mètre cube,daily,winter,130 m²
652,Désherbant systémique non toxique,carburant,137.71,Millilitre,,summer,295 m²
653,Herbicide à base de glyphosate,eau,95.5,Kilogramme,,fall,762 m²
654,Carburant biodiesel,semences,736.51,Gramme,,summer,100 m²
655,Engrais organique à base de compost,semences,643.08,Mètre cube,monthly,fall,801 m²
656,Insecticide à base de spinosad,carburant,519.79,Mètre cube,,fall,694 m²
657,Système de serre modulable,eau,260.03,Tonnes,daily,fall,693 m²
658,Réducteur de pression pour irrigation,semences,248.77,Mètre cube,weekly,fall,810 m²
659,Pesticide à base de linalol,carburant,333.71,Litre,daily,summer,275 m²
660,Engrais à libération rapide,semences,603.52,Acre,daily,summer,130 m²
661,Semences de framboise,carburant,940.25,Acre,monthly,fall,926 m²
662,Engrais enrichi en fer,eau,108.92,Hectare,weekly,fall,764 m²
663,Pesticide à base de thiaclopride,engrais,23.96,Mètre cube,weekly,fall,345 m²
664,Semences de gingembre,engrais,548.91,Kilogramme,,summer,299 m²
665,Semences de chou-fleur,eau,604.13,Millilitre,,winter,762 m²
666,Réservoir d'eau potable,engrais,313.5,Acre,daily,summer,778 m²
667,Épices pour agriculture bio,carburant,823.54,Kilogramme,monthly,spring,328 m²
668,Semences de haricot vert,engrais,150.73,Tonnes,daily,winter,904 m²
669,Réducteur de pression pour irrigation,eau,1000.96,Millilitre,monthly,fall,712 m²
670,Réservoir d'eau potable,carburant,160.56,Tonnes,,spring,232 m²
671,Engrais minéral complexe,engrais,333.54,Acre,,spring,758 m²
672,Pesticide à base de linalol,semences,110.17,Hectare,daily,fall,841 m²
673,Biogaz pour chauffage,eau,887.23,Millilitre,,fall,501 m²
674,Engrais riche en calcium,engrais,903.67,Gramme,daily,winter,810 m²
675,Semences d'amande,semences,339.74,Kilogramme,weekly,winter,678 m²
676,Graines de pois chiche,semences,589.28,Acre,weekly,fall,475 m²
677,Engrais pour fleurs annuelles,carburant,411.52,Hectare,weekly,spring,192 m²
678,Semences de fenouil,engrais,375.36,Kilogramme,monthly,winter,286 m²
679,Énergie solaire pour pompes,semences,890.98,Litre,monthly,summer,577 m²
680,Semences de carotte,semences,279.37,Litre,daily,spring,130 m²
681,Engrais à libération lente,engrais,961.95,Tonnes,weekly,spring,970 m²
682,Pétrole pour tracteurs,semences,54.54,Kilogramme,daily,winter,297 m²
683,Gaz de ville pour équipements,engrais,416.63,Gramme,daily,winter,821 m²
684,Graines de pastèque,eau,688.41,Kilogramme,daily,winter,500 m²
685,Biocarburant à base de déchets,eau,930.87,Gramme,weekly,fall,693 m²
686,Tracteur compact polyvalent,engrais,337.41,Tonnes,daily,summer,859 m²
687,Semoir automatique de précision,eau,138.4,Millilitre,weekly,spring,721 m²
688,Engrais organique à base de compost,carburant,719.39,Tonnes,weekly,spring,937 m²
689,Terre noire pour plantation,engrais,936.09,Tonnes,,winter,699 m²
690,Engrais organique à base de compost,eau,324.77,Mètre cube,weekly,winter,150 m²
691,Kit de micro-irrigation automatisée,eau,58.55,Tonnes,monthly,summer,886 m²
692,Système d'irrigation goutte à goutte,carburant,301.49,Tonnes,daily,summer,847 m²
693,Charbon pour chaudière,semences,884.75,Mètre cube,monthly,summer,678 m²
694,Fongicide à base de propiconazole,eau,122.5,Hectare,daily,fall,678 m²
695,Graines de fruits exotiques,eau,552.21,Gramme,weekly,winter,504 m²
696,Système d’irrigation en goutte à goutte,semences,211.06,Litre,,winter,142 m²
697,Paille de blé pour paillage,eau,645.29,Tonnes,weekly,spring,510 m²
698,Équipement de désherbage manuel,carburant,769.17,Acre,monthly,fall,319 m²
699,Engrais pour pelouse et jardins,carburant,627.93,Mètre cube,weekly,winter,491 m²
700,Engrais universel pour toutes cultures,carburant,932.19,Litre,,spring,934 m²
701,Semences de sauge,semences,228.41,Hectare,,spring,544 m²
702,Filet de protection anti-insectes,carburant,496.55,Litre,weekly,winter,737 m²
703,Gaz naturel pour tracteurs,eau,664.97,Tonnes,daily,winter,938 m²
704,Engrais pour pelouse et jardins,engrais,654.39,Hectare,daily,winter,355 m²
705,Réducteur de pression pour irrigation,semences,91.12,Acre,,fall,345 m²
706,Réservoir d'eau potable,eau,116.09,Acre,,summer,821 m²
707,Graines de colza,carburant,947.5,Mètre cube,monthly,fall,
708,Engrais à base de lactosérum,eau,325.83,Hectare,,summer,847 m²
709,Engrais à libération rapide,carburant,453.75,Mètre cube,monthly,fall,199 m²
710,Engrais bio pour plantes d'intérieur,engrais,278.43,Acre,monthly,spring,319 m²
711,Biocarburant à base de déchets,engrais,730.75,Kilogramme,daily,winter,510 m²
712,Engrais NPK 10-20-20,engrais,415.66,Hectare,daily,fall,136 m²
713,Biocarburant à base de déchets,semences,363.31,Hectare,weekly,summer,209 m²
714,Semences de courgette,engrais,323.73,Gramme,monthly,winter,698 m²
715,Électricité solaire pour pompe,eau,86.83,Gramme,monthly,fall,841 m²
716,Pesticide à base de formaldéhyde,carburant,947.64,Hectare,daily,fall,422 m²
717,Semences d'amande,engrais,154.71,Millilitre,daily,winter,150 m²
718,Engrais pour pelouse et jardins,carburant,618.67,Mètre cube,daily,spring,487 m²
719,Insecticide à base de abamectine,carburant,333.65,Tonnes,,winter,142 m²
720,Fongicide à base de propiconazole,carburant,347.52,Kilogramme,weekly,spring,748 m²
721,Fongicide à base de mancozèbe,semences,587.34,Mètre cube,monthly,summer,875 m²
722,Solution nutritive hydroponique,carburant,164,Tonnes,,fall,740 m²
723,Insecticide à base de imidaclopride,carburant,358.99,Millilitre,daily,fall,423 m²
724,Engrais à base de farine de sang,eau,888.82,Gramme,weekly,summer,678 m²
725,Équipement de protection individuelle,eau,116.53,Hectare,monthly,spring,328 m²
726,Engrais à base de sulfate de potassium,eau,456.67,Acre,,spring,481 m²
727,Herbicide à base d'acide acétique,semences,256.67,Millilitre,,winter,410 m²
728,Engrais à base de sang séché,eau,888.49,Kilogramme,,winter,604 m²
729,Insecticide à base de chlorpyrifos,carburant,439.47,Litre,daily,summer,156 m²
730,Kit de goutte à goutte portable,eau,437.77,Mètre cube,weekly,summer,422 m²
731,Semences de blé tendre,eau,207.39,Acre,daily,fall,607 m²
732,Engrais à base de vinaigre,carburant,643.97,Millilitre,weekly,spring,136 m²
733,Insecticide à base de diatomée,semences,381.45,Hectare,,spring,755 m²
734,Insecticide à base de spinosad,eau,835.62,Acre,weekly,winter,614 m²
735,Énergie éolienne pour ferme,carburant,828.73,Litre,weekly,fall,210 m²
736,Fongicide au soufre micronisé,carburant,89.56,Acre,,spring,369 m²
737,Semences de thym,semences,16.3,Acre,,fall,160 m²
738,Semences de brocoli,carburant,662.38,Kilogramme,daily,winter,538 m²
739,Fongicide à base de cuivre,engrais,753.05,Kilogramme,,winter,607 m²
740,Semences de radis,carburant,742.01,Kilogramme,monthly,fall,299 m²
741,Cactus comme plante d'intérieur,eau,632.1,Hectare,daily,fall,244 m²
742,Engrais à base de sulfate de potassium,semences,210.34,Kilogramme,daily,summer,954 m²
743,Engrais bio pour plantes d'intérieur,carburant,801.47,Kilogramme,monthly,spring,583 m²
744,Culture d’algues pour compost,semences,149.77,Gramme,daily,fall,487 m²
745,Engrais à base de vinaigre,semences,98.57,Hectare,daily,winter,295 m²
746,Semences de radis,semences,30.42,Acre,daily,spring,627 m²
747,Carburant à base de biomasse,eau,653.8,Tonnes,,summer,508 m²
748,Cendres de bois comme amendement,semences,92.65,Litre,monthly,summer,240 m²
749,Épices pour agriculture bio,eau,377.18,Mètre cube,weekly,winter,580 m²
750,Ensileuse pour récoltes fourragères,engrais,872.85,Kilogramme,monthly,fall,556 m²
751,Carburant biodiesel,carburant,713.01,Acre,,fall,244 m²
752,Pesticide à base de bicarbonate de soude,eau,430.96,Hectare,,fall,219 m²
753,Semences de gingembre,engrais,983.91,Mètre cube,,spring,890 m²
754,Pesticide à base de bicarbonate de soude,carburant,663.09,Hectare,daily,winter,247 m²
755,Épices pour agriculture bio,semences,478.9,Kilogramme,daily,fall,563 m²
756,Engrais organique à base de trèfle,semences,300.37,Litre,,spring,590 m²
757,Herbicide à base de pelargonium,carburant,852.51,Millilitre,daily,spring,812 m²
758,Engrais à base de vinaigre,carburant,862.41,Tonnes,daily,fall,184 m²
759,Eau de pluie filtrée,engrais,239.24,Tonnes,monthly,fall,328 m²
760,Fongicide à base de cuivre,carburant,864.72,Gramme,daily,winter,897 m²
761,Réservoir d'eau potable,eau,206.72,Tonnes,,winter,247 m²
762,Graines de menthe,engrais,16.06,Millilitre,daily,winter,423 m²
763,Carburant à base de biomasse,eau,6.92,Acre,monthly,summer,875 m²
764,Semences de concombre,eau,337.37,Mètre cube,,winter,423 m²
765,Engrais à base de cendre de bois,semences,37.2,Kilogramme,weekly,summer,297 m²
766,Engrais en granulés,semences,255.86,Gramme,weekly,winter,361 m²
767,Paillis organique pour jardin,engrais,238.84,Kilogramme,monthly,fall,721 m²
768,Fongicide à base de benomyl,carburant,100.93,Gramme,weekly,winter,481 m²
769,Insecticide à base de abamectine,semences,901.78,Litre,monthly,winter,580 m²
770,Essence pour tondeuse à gazon,engrais,189.19,Tonnes,,fall,583 m²
771,Faucheuse à barre de coupe,eau,340.59,Millilitre,weekly,spring,111 m²
772,Tracteur électrique,engrais,59.95,Gramme,weekly,fall,290 m²
773,Réservoir d'eau enterré,carburant,333.21,Kilogramme,daily,fall,544 m²
774,Eau purifiée pour irrigation goutte-à-goutte,semences,249.07,Kilogramme,daily,winter,111 m²
775,Biopesticide à base de saponines,carburant,296.78,Tonnes,,fall,600 m²
776,Terre noire pour plantation,carburant,52.54,Millilitre,weekly,spring,422 m²
777,Système de filtrage d'eau,engrais,380.6,Acre,daily,fall,
778,Carburant à base d'huile usagée,engrais,806.37,Acre,monthly,fall,764 m²
779,Semoir automatique de précision,carburant,944.27,Litre,monthly,winter,387 m²
780,Carburant biodiesel,carburant,553.29,Acre,daily,summer,395 m²
781,Herbicide à base d'acide acétique,eau,534.34,Hectare,,winter,509 m²
782,Insecticide à base de chlorpyrifos,eau,432.74,Hectare,monthly,winter,297 m²
783,Fertilisant biologique à base d’algues,carburant,784.75,Litre,daily,fall,522 m²
784,Engrais en poudre,semences,771.31,Hectare,weekly,fall,938 m²
785,Engrais à base de vinaigre,eau,360.6,Litre,,winter,803 m²
786,Semences de coriandre,semences,657.47,Hectare,daily,winter,406 m²
787,Semences de groseille,eau,886.25,Hectare,weekly,fall,804 m²
788,Engrais pour fruits et légumes,carburant,572.26,Kilogramme,daily,summer,544 m²
789,Semences de romarin,eau,987.1,Acre,weekly,winter,201 m²
790,Semences d’aubergine,eau,364.78,Kilogramme,weekly,winter,847 m²
791,Graines de kiwi,eau,580.04,Litre,weekly,summer,146 m²
792,Système d'irrigation par aspersion,eau,442.12,Gramme,,fall,556 m²
793,Fertilisant biologique à base d’algues,carburant,202.33,Litre,,summer,909 m²
794,Fongicide à base de captane,engrais,876.31,Millilitre,,winter,219 m²
795,Épices pour agriculture bio,carburant,338.11,Hectare,monthly,winter,145 m²
796,Semences de romarin,carburant,470.3,Kilogramme,,fall,472 m²
797,Sable pour drainage,semences,897.92,Kilogramme,daily,fall,374 m²
798,Graines de fruits exotiques,carburant,189.12,Acre,daily,winter,175 m²
799,Semences de thym,carburant,413.39,Hectare,daily,summer,247 m²
800,Engrais à base de sulfate de potassium,carburant,914.28,Litre,monthly,spring,605 m²
801,Faucheuse à barre de coupe,eau,231.69,Litre,monthly,summer,361 m²
802,Biopesticide à base de saponines,semences,916.87,Kilogramme,monthly,winter,160 m²
803,Réservoir d’eau de pluie 1000L,carburant,497.95,Acre,weekly,spring,716 m²
804,Semences de millet,semences,868.48,Millilitre,weekly,fall,801 m²
805,Pompe d’irrigation solaire,semences,601.99,Kilogramme,,fall,579 m²
806,Sable pour drainage,eau,51.54,Mètre cube,daily,fall,142 m²
807,Pesticide à base de formaldéhyde,carburant,941.98,Kilogramme,weekly,summer,1000 m²
808,Engrais en poudre,carburant,575.79,Kilogramme,weekly,fall,215 m²
809,Pesticide à base de linalol,carburant,158.39,Gramme,daily,spring,489 m²
810,Engrais minéral à base de soufre,semences,784.95,Tonnes,weekly,fall,563 m²
811,Semences de coriandre,semences,68.46,Hectare,daily,fall,721 m²
812,Système d’irrigation par aspersion,semences,571.91,Tonnes,daily,winter,671 m²
813,Biopesticide à base de neem,eau,493.67,Hectare,monthly,winter,870 m²
814,Charbon pour chaudière,semences,46.98,Litre,,spring,500 m²
815,Insecticide à base de diatomée,eau,971.45,Hectare,,summer,487 m²
816,Semences de riz basmati,eau,211.64,Tonnes,,winter,671 m²
817,Système d'irrigation par aspersion,carburant,349.05,Mètre cube,weekly,fall,671 m²
818,Engrais à base de guano,engrais,156.82,Acre,weekly,summer,319 m²
819,Engrais à base de compost de vers,eau,550.53,Hectare,daily,spring,895 m²
820,Graines de fruits exotiques,eau,638.28,Hectare,weekly,summer,201 m²
821,Pesticide à base de baccillus thuringiensis,carburant,471.34,Hectare,daily,winter,579 m²
822,Insecticide à base de pyréthrines,eau,16.5,Tonnes,monthly,spring,886 m²
823,Graines de céleri,carburant,965.42,Hectare,,summer,607 m²
824,Engrais foliaire liquide,carburant,564.18,Hectare,,fall,781 m²
825,Graines de betterave sucrière,semences,862.38,Millilitre,monthly,fall,328 m²
826,Énergie solaire pour pompes,eau,515.15,Hectare,daily,spring,538 m²
827,Insecticide systémique pour rosier,semences,387.43,Mètre cube,monthly,spring,952 m²
828,Semences de blé tendre,engrais,696.23,Tonnes,weekly,fall,804 m²
829,Semences de carotte,semences,971.44,Gramme,daily,fall,215 m²
830,Système d’irrigation en goutte à goutte,carburant,539.94,Hectare,monthly,summer,671 m²
831,Ensileuse pour récoltes fourragères,carburant,502.8,Kilogramme,,spring,678 m²
832,Engrais à base de sang séché,carburant,559.84,Millilitre,daily,winter,358 m²
833,Carburant à base de biomasse,eau,351.92,Hectare,weekly,summer,145 m²
834,Pesticide à base de bicarbonate de soude,eau,208.34,Mètre cube,daily,winter,633 m²
835,Graines de tomate cerise,semences,748.05,Kilogramme,,summer,614 m²
836,Éthanol à base de maïs,engrais,409.09,Acre,,winter,290 m²
837,Fongicide à base de captane,eau,849.79,Litre,monthly,spring,909 m²
838,Fongicide à base de captane,eau,123.82,Gramme,monthly,winter,489 m²
839,Fertilisant biologique à base d’algues,carburant,720.52,Tonnes,monthly,spring,343 m²
840,Essence pour tondeuse à gazon,engrais,715.1,Kilogramme,weekly,fall,460 m²
841,Graines de tomate cerise,semences,617.97,Millilitre,daily,winter,295 m²
842,Fongicide à base de tébuconazole,engrais,633.93,Kilogramme,weekly,summer,319 m²
843,Réducteur de pression pour irrigation,semences,417.61,Hectare,daily,spring,455 m²
844,Biocarburant à base de colza,engrais,25.26,Litre,weekly,winter,361 m²
845,Système de serre modulable,semences,237.6,Millilitre,,fall,721 m²
846,Tracteur électrique,semences,765.89,Millilitre,weekly,spring,847 m²
847,Insecticide à base de spinosad,semences,308.34,Litre,monthly,fall,990 m²
848,Semences de groseille,carburant,362.49,Hectare,monthly,summer,577 m²
849,Graines de menthe,engrais,178.17,Mètre cube,daily,winter,812 m²
850,Paille de blé pour paillage,carburant,988.8,Gramme,daily,spring,841 m²
851,Engrais à base de cendre de bois,carburant,989.83,Millilitre,monthly,winter,160 m²
852,Semences de millet,engrais,577.5,Tonnes,,summer,509 m²
853,Pompe d’irrigation solaire,engrais,696.32,Acre,daily,summer,472 m²
854,Insecticide à base de abamectine,engrais,887.44,Hectare,daily,fall,804 m²
855,Engrais naturel à base de farine d’os,semences,725.36,Hectare,monthly,winter,639 m²
856,Engrais à base de vinaigre,carburant,867.79,Acre,,winter,451 m²
857,Éthanol à base de maïs,semences,904.46,Litre,weekly,fall,614 m²
858,Semences d’aubergine,engrais,477.99,Gramme,weekly,fall,871 m²
859,Gaz naturel pour tracteurs,eau,619.36,Acre,weekly,spring,215 m²
860,Phosphate de calcium granulaire,engrais,495.82,Mètre cube,,winter,240 m²
861,Fongicide à base de tébuconazole,semences,951.42,Hectare,weekly,fall,215 m²
862,Gravier pour drainage,carburant,361.76,Hectare,,winter,355 m²
863,Semences de piment,engrais,857.71,Millilitre,,fall,160 m²
864,Semences de piment,semences,62.73,Acre,weekly,winter,563 m²
865,Substrat pour culture hydroponique,semences,408.72,Acre,,spring,839 m²
866,Engrais foliaire liquide,engrais,90.9,Litre,monthly,spring,519 m²
867,Semences de groseille,eau,671.46,Kilogramme,,spring,145 m²
868,Semences de sauge,eau,295.05,Acre,weekly,winter,633 m²
869,Semences de maïs hybride,carburant,729.4,Tonnes,monthly,winter,580 m²
870,Ensileuse pour récoltes fourragères,eau,667.18,Gramme,monthly,spring,184 m²
871,Engrais à base de fumier de cheval,semences,553.57,Tonnes,,winter,970 m²
872,Système de filtration pour irrigation,carburant,615.21,Gramme,weekly,summer,614 m²
873,Gravier pour drainage,engrais,855.53,Millilitre,weekly,fall,100 m²
874,Engrais foliaire au magnésium,engrais,739.63,Acre,weekly,spring,387 m²
875,Système de serre modulable,engrais,686.52,Mètre cube,daily,summer,544 m²
876,Graines de kiwi,semences,868.99,Gramme,weekly,spring,699 m²
877,Pesticide à base de thiaméthoxame,semences,468.8,Mètre cube,,fall,990 m²
878,Charrue à verser,semences,931.92,Tonnes,monthly,winter,219 m²
879,Débroussailleuse à essence,carburant,174.15,Hectare,,winter,269 m²
880,Énergie éolienne pour ferme,eau,677.18,Litre,,spring,858 m²
881,Engrais à base de cendre de bois,engrais,104.22,Kilogramme,monthly,summer,755 m²
882,Pesticide à base de azadirachtine,semences,381.44,Litre,,spring,801 m²
883,Engrais à base de compost de vers,eau,819.01,Gramme,weekly,winter,720 m²
884,Gaz de ville pour équipements,semences,112.44,Kilogramme,daily,winter,142 m²
885,Moissonneuse-batteuse pour blé,carburant,164.07,Hectare,monthly,winter,758 m²
886,Semences de melon,semences,570.94,Millilitre,monthly,summer,232 m²
887,Pesticide à base de thiaclopride,semences,844.23,Millilitre,daily,summer,177 m²
888,Solution nutritive hydroponique,carburant,263.85,Acre,,spring,201 m²
889,Graines de pastèque,carburant,494.72,Litre,monthly,spring,607 m²
890,Eau de pluie pour cultures,eau,393.76,Kilogramme,,winter,328 m²
891,Engrais à base de vinaigre,semences,385.3,Millilitre,weekly,fall,500 m²
892,Terreau de qualité supérieure,eau,856.96,Tonnes,weekly,fall,491 m²
893,Pompe d’irrigation solaire,carburant,376.63,Tonnes,weekly,spring,158 m²
894,Graines de betterave sucrière,engrais,108.68,Gramme,daily,winter,504 m²
895,Treuil pour jardinage,semences,897.49,Gramme,,winter,897 m²
896,Matériel de jardinage à main,carburant,259.25,Mètre cube,daily,summer,319 m²
897,Charrue à deux socs,engrais,717.21,Mètre cube,,fall,385 m²
898,Engrais à base de cendre de bois,carburant,182.99,Millilitre,,winter,415 m²
899,Engrais pour pelouse et jardins,engrais,100.32,Acre,monthly,fall,764 m²
900,Semences de chou-fleur,carburant,789.1,Hectare,monthly,spring,848 m²
901,Engrais organique à base de compost,eau,596.12,Acre,weekly,spring,781 m²
902,Semences d'amande,eau,297.98,Gramme,monthly,spring,172 m²
903,Engrais foliaire au magnésium,eau,791.99,Gramme,daily,fall,801 m²
904,Insecticide à base de imidaclopride,carburant,846.08,Hectare,daily,fall,460 m²
905,Semences de sésame,eau,310.73,Kilogramme,weekly,summer,970 m²
906,Pulvérisateur électrique 15L,semences,429.95,Litre,weekly,winter,643 m²
907,Énergie solaire pour pompes,semences,793.26,Hectare,weekly,winter,406 m²
908,Engrais liquide pour légumes,eau,341.29,Gramme,monthly,fall,423 m²
909,Semences de quinoa,semences,749.37,Mètre cube,daily,summer,764 m²
910,Semences de radis,engrais,974.56,Kilogramme,daily,fall,905 m²
911,Insecticide à base de imidaclopride,semences,1.48,Gramme,monthly,winter,388 m²
912,Engrais riche en calcium,engrais,784.79,Acre,weekly,summer,732 m²
913,Système de filtrage d'eau,semences,526.66,Hectare,monthly,winter,145 m²
914,Engrais potassique soluble,engrais,922.63,Hectare,weekly,summer,247 m²
915,Graines de tournesol bio,eau,484.6,Millilitre,weekly,fall,672 m²
916,Tuyaux d'irrigation en PVC,eau,525.81,Tonnes,daily,summer,937 m²
917,Gazole pour engins de chantier,carburant,962.61,Tonnes,monthly,summer,544 m²
918,Équipement de désherbage manuel,eau,885.27,Gramme,daily,summer,711 m²
919,Eau purifiée pour irrigation goutte-à-goutte,carburant,300.24,Hectare,monthly,summer,111 m²
920,Système de compostage domestique,carburant,154.36,Hectare,weekly,spring,605 m²
921,Insecticide à base de pyréthrines,semences,104.08,Tonnes,,fall,358 m²
922,Gravier pour drainage,semences,750.41,Millilitre,monthly,winter,343 m²
923,Énergie solaire pour pompes,semences,70.07,Litre,,spring,145 m²
924,Matériel de jardinage à main,carburant,350.12,Mètre cube,,winter,574 m²
925,Pesticide à base de azadirachtine,engrais,322.66,Acre,monthly,summer,938 m²
926,Sable pour drainage,semences,898.91,Gramme,monthly,summer,871 m²
927,Solution nutritive hydroponique,eau,547.73,Gramme,,spring,472 m²
928,Insecticide à base de imidaclopride,engrais,854.8,Gramme,monthly,spring,145 m²
929,Engrais NPK 10-20-20,eau,733.84,Millilitre,weekly,winter,895 m²
930,Semences de quinoa,semences,768.75,Acre,monthly,spring,582 m²
931,Semences de concombre,engrais,704.23,Millilitre,daily,winter,290 m²
932,Essence pour tondeuse à gazon,engrais,762.57,Litre,weekly,spring,500 m²
933,Semences de framboise,carburant,340.94,Mètre cube,,summer,184 m²
934,Graines de pastèque,carburant,113.88,Mètre cube,,spring,792 m²
935,Graines de menthe,semences,812.7,Hectare,daily,spring,412 m²
936,Bassin de stockage d'eau,semences,655.43,Kilogramme,monthly,fall,358 m²
937,Graines de kiwi,semences,582.83,Kilogramme,daily,winter,672 m²
938,Engrais pour arbres fruitiers,engrais,195.86,Litre,monthly,fall,423 m²
939,Graines de fruits exotiques,carburant,440.98,Hectare,monthly,spring,100 m²
940,Biopesticide à base de neem,carburant,199,Tonnes,,winter,737 m²
941,Semences de quinoa,carburant,885.47,Tonnes,weekly,spring,792 m²
942,Semences de carvi,engrais,275.54,Kilogramme,monthly,fall,247 m²
943,Système de serre modulable,semences,833.73,Acre,monthly,winter,500 m²
944,Graines de pastèque,eau,274.16,Kilogramme,,summer,607 m²
945,Fongicide à base de fludioxonil,semences,961.2,Millilitre,daily,fall,778 m²
946,Phosphate de calcium granulaire,engrais,326.21,Litre,weekly,spring,859 m²
947,Fil de fer pour clôtures,semences,339.61,Litre,,summer,319 m²
948,Semences de soja,carburant,540.27,Kilogramme,weekly,fall,678 m²
949,Équipement de désherbage manuel,eau,432.69,Acre,daily,summer,538 m²
950,Semences de framboise,semences,333.05,Hectare,,summer,472 m²
951,Compost à base de déchets verts,engrais,194.71,Gramme,,summer,509 m²
952,Engrais pour arbres fruitiers,carburant,303.5,Millilitre,,spring,388 m²
953,Charbon pour chaudière,semences,439.25,Kilogramme,daily,fall,476 m²
954,Souffleur à feuilles à batterie,carburant,914.4,Acre,weekly,spring,328 m²
955,Graines de tournesol bio,semences,338.69,Kilogramme,daily,fall,578 m²
956,Électricité solaire pour pompe,eau,588.51,Tonnes,daily,spring,145 m²
957,Réservoir d'eau potable,carburant,889.28,Hectare,monthly,fall,319 m²
958,Herbicide à base de metolachlore,semences,66.88,Hectare,daily,spring,716 m²
959,Herbicide à base d'acide acétique,semences,938.25,Gramme,daily,fall,410 m²
960,Pesticide à base de formaldéhyde,carburant,732.94,Acre,monthly,fall,801 m²
961,Substrat pour culture hydroponique,engrais,544.31,Kilogramme,monthly,spring,649 m²
962,Semences de framboise,carburant,750.69,Millilitre,daily,winter,619 m²
963,Système d’irrigation par aspersion,carburant,178.89,Litre,daily,spring,698 m²
964,Bois de chauffage,semences,57.88,Gramme,daily,fall,130 m²
965,Engrais à libération lente,engrais,210.13,Acre,weekly,winter,500 m²
966,Sable pour drainage,eau,226.51,Mètre cube,,winter,841 m²
967,Engrais à base de fumier de cheval,eau,528.67,Millilitre,monthly,spring,886 m²
968,Semences de courgette,engrais,91.49,Tonnes,daily,spring,318 m²
969,Essence pour tondeuse à gazon,engrais,678.57,Millilitre,,summer,395 m²
970,Engrais minéral à base de soufre,eau,897.15,Mètre cube,daily,summer,358 m²
971,Engrais foliaire liquide,carburant,721.11,Litre,,spring,556 m²
972,Compost à base de déchets verts,engrais,625.85,Tonnes,,winter,502 m²
973,Semences de gingembre,engrais,3.08,Mètre cube,monthly,winter,544 m²
974,Engrais à base de sulfate de potassium,eau,425.25,Kilogramme,monthly,spring,895 m²
975,Engrais liquide à base de poisson,semences,770.13,Litre,monthly,summer,390 m²
976,Culture d’algues pour compost,engrais,243.15,Kilogramme,,fall,904 m²
977,Tuyaux d'irrigation en PVC,carburant,588.52,Millilitre,daily,summer,328 m²
978,Semences de riz basmati,engrais,501.19,Hectare,daily,fall,423 m²
979,Paille de blé pour paillage,eau,656.02,Acre,monthly,summer,870 m²
980,Treuil pour jardinage,eau,391.32,Kilogramme,,winter,385 m²
981,Engrais universel pour toutes cultures,carburant,745.94,Hectare,monthly,winter,698 m²
982,Pesticide à base de thiaclopride,carburant,851.66,Hectare,monthly,summer,158 m²
983,Système d'irrigation goutte à goutte,carburant,850.54,Gramme,monthly,spring,219 m²
984,Semences d'amande,semences,51.96,Hectare,monthly,fall,477 m²
985,Insecticide systémique pour rosier,engrais,613.47,Hectare,weekly,summer,451 m²
986,Insecticide biologique à base de pyréthre,eau,206.45,Millilitre,monthly,spring,781 m²
987,Engrais à libération lente,eau,814.46,Hectare,daily,summer,934 m²
988,Phosphate de calcium granulaire,engrais,921.48,Tonnes,monthly,fall,970 m²
989,Biocarburant à base de déchets,engrais,34.78,Hectare,weekly,summer,184 m²
990,Système de compostage domestique,carburant,514.77,Millilitre,weekly,spring,904 m²
991,Débroussailleuse à essence,eau,726.18,Litre,monthly,summer,755 m²
992,Ensileuse pour récoltes fourragères,carburant,535.58,Acre,weekly,fall,
993,Gaz de ville pour équipements,engrais,571.24,Kilogramme,monthly,winter,127 m²
994,Désherbant systémique non toxique,carburant,555.87,Gramme,daily,fall,504 m²
995,Engrais enrichi en fer,carburant,801.77,Gramme,monthly,fall,361 m²
996,Engrais NPK 10-20-20,engrais,748.01,Mètre cube,,fall,508 m²
997,Engrais à base de cendre de bois,carburant,560.62,Gramme,weekly,summer,922 m²
998,Semences de maïs hybride,carburant,870.8,Acre,monthly,spring,623 m²
999,Souffleur à feuilles à batterie,semences,842.46,Kilogramme,weekly,winter,839 m²
1000,Semences de radis,carburant,717.83,Tonnes,weekly,winter,694 m²
1001,Semences de carvi,engrais,269.07,Gramme,monthly,fall,422 m²
1002,Engrais minéral à base de soufre,eau,412.6,Kilogramme,daily,spring,487 m²
1003,Engrais à base de fumier de cheval,engrais,439.62,Mètre cube,monthly,winter,578 m²
1004,Graines de céleri,engrais,803.63,Gramme,,winter,477 m²
1005,Carburant à base de biomasse,carburant,233.06,Gramme,weekly,spring,563 m²
1006,Pesticide à base de azadirachtine,engrais,279.08,Litre,monthly,fall,477 m²
1007,Pesticide à base de formaldéhyde,carburant,941.33,Mètre cube,weekly,spring,778 m²
1008,Engrais bio pour plantes d'intérieur,semences,688.92,Kilogramme,,spring,792 m²
1009,Engrais organique à base de compost,semences,457.79,Kilogramme,daily,summer,643 m²
1010,Système de compostage domestique,eau,766.47,Mètre cube,,summer,142 m²
1011,Pesticide à base d'extraits de plantes,carburant,38.28,Gramme,weekly,summer,556 m²
1012,Herbicide sélectif pour maïs,carburant,136.37,Millilitre,weekly,winter,150 m²
1013,Carburant biodiesel,eau,453.57,Gramme,daily,summer,579 m²
1014,Graines de pois chiche,engrais,451.27,Millilitre,weekly,fall,489 m²
1015,Semences de coriandre,eau,656.84,Tonnes,weekly,fall,175 m²
1016,Biogaz pour chauffage,carburant,266.9,Mètre cube,,spring,502 m²
1017,Carburant biodiesel,engrais,890.56,Gramme,monthly,summer,905 m²
1018,Engrais à base de vinaigre,engrais,49.09,Hectare,weekly,summer,472 m²
1019,Graines de colza,semences,506.23,Mètre cube,monthly,spring,374 m²
1020,Tracteur électrique,semences,704.58,Litre,weekly,winter,508 m²
1021,Charrue à verser,semences,327.33,Mètre cube,daily,summer,737 m²
1022,Outils de jardinage manuels,semences,58.35,Acre,weekly,winter,711 m²
1023,Sable pour drainage,semences,128.97,Millilitre,,spring,290 m²
1024,Semences de sésame,semences,815.2,Kilogramme,,spring,319 m²
1025,Insecticide à base de pyréthrines,carburant,709.72,Acre,weekly,summer,355 m²
1026,Semences de soja,engrais,615.74,Kilogramme,daily,summer,643 m²
1027,Engrais granulé à libération contrôlée,engrais,560.33,Litre,,summer,604 m²
1028,Gaz naturel pour tracteurs,eau,677.86,Mètre cube,weekly,fall,455 m²
1029,Pesticide à base de fongus entomopathogène,eau,879.99,Millilitre,daily,winter,347 m²
1030,Engrais pour plantes d'intérieur,engrais,800.32,Mètre cube,daily,summer,590 m²
1031,Herbicide à base de pelargonium,eau,807.11,Hectare,monthly,winter,922 m²
1032,Insecticide à base de chlorpyrifos,carburant,1.26,Hectare,,fall,732 m²
1033,Bois de chauffage,semences,268.55,Acre,monthly,summer,612 m²
1034,Engrais pour arbres fruitiers,carburant,236.46,Acre,daily,winter,740 m²
1035,Engrais à base de cendre de bois,engrais,692.09,Litre,,summer,422 m²
1036,Herbicide à base de flumioxazine,engrais,493.18,Tonnes,daily,winter,895 m²
1037,Pétrole pour tracteurs,eau,166.7,Gramme,monthly,fall,633 m²
1038,Graines de pois chiche,carburant,50.02,Millilitre,daily,fall,522 m²
1039,Semences de radis,eau,495.48,Acre,daily,winter,934 m²
1040,Gaz propane pour chauffages,eau,255.24,Gramme,,winter,1000 m²
1041,Graines de céleri,semences,85.71,Gramme,monthly,spring,693 m²
1042,Phosphate de calcium granulaire,engrais,381.34,Kilogramme,weekly,spring,501 m²
1043,Semences de concombre,carburant,291.32,Gramme,weekly,spring,721 m²
1044,Engrais pour arbres fruitiers,eau,525.55,Tonnes,,summer,423 m²
1045,Système d’irrigation en goutte à goutte,eau,431.99,Acre,daily,summer,751 m²
1046,Pesticide à base de fongus entomopathogène,engrais,406.19,Gramme,monthly,fall,451 m²
1047,Pesticide à base de thiaméthoxame,semences,855.78,Acre,daily,summer,328 m²
1048,Eau de source pour agriculture,engrais,413.91,Millilitre,monthly,winter,619 m²
1049,Écorces pour paillis,eau,977.05,Gramme,weekly,fall,500 m²
1050,Fertilisant biologique à base d’algues,carburant,667.88,Litre,daily,winter,286 m²
1051,Semences d’aubergine,eau,899.43,Hectare,weekly,summer,578 m²
1052,Désherbant systémique non toxique,eau,231.48,Tonnes,daily,spring,737 m²
1053,Semences de haricot vert,engrais,782.2,Mètre cube,daily,fall,451 m²
1054,Graines de céleri,carburant,799.67,Litre,monthly,winter,758 m²
1055,Engrais minéral à base de soufre,semences,682.05,Acre,monthly,fall,487 m²
1056,Fongicide à base de captane,semences,27.99,Mètre cube,weekly,spring,222 m²
1057,Gaz naturel pour tracteurs,engrais,224.61,Acre,,summer,556 m²
1058,Équipement de protection individuelle,semences,405.59,Mètre cube,daily,spring,210 m²
1059,Équipement de désherbage manuel,engrais,780.76,Tonnes,daily,fall,758 m²
1060,Insecticide à base de lambda-cyhalothrine,eau,854.44,Kilogramme,,summer,990 m²
1061,Semences de sésame,carburant,649.19,Millilitre,weekly,fall,538 m²
1062,Charrue à deux socs,semences,699.95,Kilogramme,daily,summer,897 m²
1063,Semoir automatique de précision,semences,982.7,Kilogramme,,fall,472 m²
1064,Engrais enrichi en oligo-éléments,engrais,695.2,Millilitre,,winter,926 m²
1065,Fongicide à base de propiconazole,carburant,206.04,Gramme,daily,summer,914 m²
1066,Système de compostage domestique,eau,850.33,Litre,daily,summer,519 m²
1067,Fongicide à base de fludioxonil,eau,51.41,Millilitre,daily,spring,755 m²
1068,Fongicide à base de tébuconazole,carburant,22.34,Tonnes,weekly,summer,146 m²
1069,Pesticide à base d'huile de citronnelle,eau,86.57,Litre,weekly,summer,234 m²
1070,Engrais potassique soluble,semences,245.22,Mètre cube,,winter,275 m²
1071,Engrais riche en calcium,carburant,120.79,Kilogramme,monthly,summer,546 m²
1072,Culture d’algues pour compost,carburant,853.2,Acre,,spring,778 m²
1073,Fongicide à base de fludioxonil,eau,785.79,Kilogramme,,winter,623 m²
1074,Essence pour tondeuse à gazon,engrais,898.62,Acre,monthly,winter,904 m²
1075,Semences d'amande,engrais,788.41,Hectare,monthly,summer,614 m²
1076,Ensileuse pour récoltes fourragères,carburant,846.95,Litre,,spring,273 m²
1077,Pesticide à base de bicarbonate de soude,carburant,665.87,Gramme,daily,fall,275 m²
1078,Graines de kiwi,engrais,319.34,Tonnes,weekly,summer,244 m²
1079,Réservoir d'eau potable,eau,279.9,Acre,daily,winter,699 m²
1080,Insecticide systémique pour rosier,semences,493.83,Gramme,monthly,fall,980 m²
1081,Semences de framboise,carburant,542.99,Litre,weekly,summer,194 m²
1082,Fongicide à base de tébuconazole,carburant,988.47,Acre,,fall,234 m²
1083,Engrais enrichi en fer,semences,369.94,Tonnes,monthly,winter,476 m²
1084,Engrais à base de lactosérum,semences,782.61,Tonnes,,spring,160 m²
1085,Engrais liquide pour légumes,engrais,525,Hectare,daily,spring,546 m²
1086,Graines de menthe,carburant,381.1,Hectare,weekly,summer,313 m²
1087,Gaz de ville pour équipements,engrais,979.73,Gramme,weekly,spring,671 m²
1088,Semences de melon,engrais,517.88,Gramme,weekly,spring,577 m²
1089,Système de filtration pour irrigation,eau,784.56,Mètre cube,,spring,219 m²
1090,Gazole pour engins de chantier,engrais,720.56,Kilogramme,weekly,summer,501 m²
1091,Engrais organique à base de compost,engrais,473.66,Mètre cube,weekly,winter,156 m²
1092,Engrais en granulés,carburant,947.18,Mètre cube,daily,summer,290 m²
1093,Engrais organique à base de trèfle,semences,546.35,Mètre cube,monthly,summer,504 m²
1094,Engrais minéral complexe,semences,449.89,Millilitre,monthly,summer,970 m²
1095,Semences de groseille,eau,541.44,Litre,,spring,821 m²
1096,Carburant biodiesel,semences,73.72,Hectare,daily,fall,509 m²
1097,Semences d’aubergine,engrais,773.45,Tonnes,monthly,winter,556 m²
1098,Système de récolte à la main,engrais,101.11,Kilogramme,daily,summer,422 m²
1099,Réservoir d’eau de pluie 1000L,carburant,975.5,Litre,monthly,spring,693 m²